KUNNR,NAME1,LAND1,ORT01,PSTLZ,TELF1,SMTP_ADDR,_source_system,_ingestion_ts
KNA000001,Acme Corp Variant 0,AU,San Francisco,13278,+1-959-381-5012,contact_1@company1.com,SAP_ECC,2026-02-09T23:34:48.675158
KNA000002,Customer_2,US,London,23434,+1-892-858-9935,contact_2@company2.com,SAP_ECC,2026-02-09T23:34:48.675182
KNA000003,Customer_3,US,Singapore,65302,+1-232-130-2535,contact_3@company3.com,SAP_ECC,2026-02-09T23:34:48.675191
KNA000004,Customer_4,US,Berlin,76237,+1-816-127-4257,contact_4@company4.com,SAP_ECC,2026-02-09T23:34:48.675197
KNA000005,Customer_5,JP,Tokyo,64987,+1-425-559-5557,contact_5@company5.com,SAP_ECC,2026-02-09T23:34:48.675203
KNA000006,Customer_6,BR,New York,30926,+1-914-532-6574,contact_6@company6.com,SAP_ECC,2026-02-09T23:34:48.675209
KNA000007,Customer_7,UK,London,38221,+1-981-444-2674,contact_7@company7.com,SAP_ECC,2026-02-09T23:34:48.675215
KNA000008,Customer_8,US,Toronto,22676,+1-567-967-6635,contact_8@company8.com,SAP_ECC,2026-02-09T23:34:48.675241
KNA000009,Customer_9,CA,Paris,15695,+1-947-570-9785,contact_9@company9.com,SAP_ECC,2026-02-09T23:34:48.675246
KNA000010,Customer_10,US,Toronto,20328,+1-765-400-6925,contact_10@company10.com,SAP_ECC,2026-02-09T23:34:48.675252
KNA000011,Acme Corp Variant 10,CA,Berlin,19116,+1-246-777-4733,contact_11@company11.com,SAP_ECC,2026-02-09T23:34:48.675258
KNA000012,Customer_12,BR,Paris,20458,+1-438-987-2654,contact_12@company12.com,SAP_ECC,2026-02-09T23:34:48.675263
KNA000013,Customer_13,DE,Paris,69429,+1-850-954-6977,contact_13@company13.com,SAP_ECC,2026-02-09T23:34:48.675268
KNA000014,Customer_14,US,Mumbai,56566,+1-414-786-5374,contact_14@company14.com,SAP_ECC,2026-02-09T23:34:48.675288
KNA000015,Customer_15,JP,San Francisco,89840,+1-850-275-9751,contact_15@company15.com,SAP_ECC,2026-02-09T23:34:48.675292
KNA000016,Customer_16,JP,Berlin,31417,+1-673-488-5422,contact_16@company16.com,SAP_ECC,2026-02-09T23:34:48.675296
KNA000017,Customer_17,AU,Tokyo,38785,+1-901-432-1916,contact_17@company17.com,SAP_ECC,2026-02-09T23:34:48.675300
KNA000018,Customer_18,US,New York,51347,+1-610-374-2084,contact_18@company18.com,SAP_ECC,2026-02-09T23:34:48.675304
KNA000019,Customer_19,US,Singapore,51245,+1-417-771-9179,contact_19@company19.com,SAP_ECC,2026-02-09T23:34:48.675307
KNA000020,Customer_20,DE,Sydney,28726,+1-471-242-5040,contact_20@company20.com,SAP_ECC,2026-02-09T23:34:48.675311
KNA000021,Acme Corp Variant 20,JP,Tokyo,80644,+1-469-864-8019,contact_21@company21.com,SAP_ECC,2026-02-09T23:34:48.675315
KNA000022,Customer_22,CA,Toronto,57447,+1-424-241-9348,contact_22@company22.com,SAP_ECC,2026-02-09T23:34:48.675318
KNA000023,Customer_23,FR,San Francisco,16175,+1-312-256-3621,contact_23@company23.com,SAP_ECC,2026-02-09T23:34:48.675322
KNA000024,Customer_24,BR,Toronto,88172,+1-265-494-7252,contact_24@company24.com,SAP_ECC,2026-02-09T23:34:48.675326
KNA000025,Customer_25,CA,Sydney,79352,+1-457-666-1188,contact_25@company25.com,SAP_ECC,2026-02-09T23:34:48.675330
KNA000026,Customer_26,AU,San Francisco,99353,+1-749-868-5371,contact_26@company26.com,SAP_ECC,2026-02-09T23:34:48.675336
KNA000027,Customer_27,BR,Mumbai,24621,+1-500-545-3591,contact_27@company27.com,SAP_ECC,2026-02-09T23:34:48.675340
KNA000028,Customer_28,FR,New York,44522,+1-712-880-3927,contact_28@company28.com,SAP_ECC,2026-02-09T23:34:48.675344
KNA000029,Customer_29,IN,San Francisco,91959,+1-505-961-9317,contact_29@company29.com,SAP_ECC,2026-02-09T23:34:48.675347
KNA000030,Customer_30,CA,Berlin,30032,+1-582-880-3646,contact_30@company30.com,SAP_ECC,2026-02-09T23:34:48.675351
KNA000031,Acme Corp Variant 30,IN,Tokyo,10074,+1-813-431-9005,contact_31@company31.com,SAP_ECC,2026-02-09T23:34:48.675354
KNA000032,Customer_32,US,San Francisco,57576,+1-514-345-1949,contact_32@company32.com,SAP_ECC,2026-02-09T23:34:48.675358
KNA000033,Customer_33,US,Singapore,20322,+1-287-849-8962,contact_33@company33.com,SAP_ECC,2026-02-09T23:34:48.675364
KNA000034,Customer_34,SG,San Francisco,79822,+1-984-228-3103,contact_34@company34.com,SAP_ECC,2026-02-09T23:34:48.675368
KNA000035,Customer_35,AU,Sydney,82063,+1-369-371-9645,contact_35@company35.com,SAP_ECC,2026-02-09T23:34:48.675371
KNA000036,Customer_36,SG,Singapore,65461,+1-416-652-4295,contact_36@company36.com,SAP_ECC,2026-02-09T23:34:48.675375
KNA000037,Customer_37,JP,Paris,62296,+1-887-765-7118,contact_37@company37.com,SAP_ECC,2026-02-09T23:34:48.675378
KNA000038,Customer_38,FR,Tokyo,69177,+1-323-353-4681,contact_38@company38.com,SAP_ECC,2026-02-09T23:34:48.675382
KNA000039,Customer_39,US,Mumbai,12757,+1-802-667-4770,contact_39@company39.com,SAP_ECC,2026-02-09T23:34:48.675385
KNA000040,Customer_40,CA,Berlin,10942,+1-272-824-1964,contact_40@company40.com,SAP_ECC,2026-02-09T23:34:48.675389
KNA000041,Acme Corp Variant 40,US,San Francisco,14117,+1-538-172-9423,contact_41@company41.com,SAP_ECC,2026-02-09T23:34:48.675392
KNA000042,Customer_42,US,Paris,97684,+1-697-319-9834,contact_42@company42.com,SAP_ECC,2026-02-09T23:34:48.675396
KNA000043,Customer_43,US,Singapore,85525,+1-684-348-8749,contact_43@company43.com,SAP_ECC,2026-02-09T23:34:48.675400
KNA000044,Customer_44,BR,Toronto,34957,+1-296-199-8062,contact_44@company44.com,SAP_ECC,2026-02-09T23:34:48.675404
KNA000045,Customer_45,UK,Toronto,63883,+1-678-984-1887,contact_45@company45.com,SAP_ECC,2026-02-09T23:34:48.675407
KNA000046,Customer_46,AU,San Francisco,17944,+1-612-845-6559,contact_46@company46.com,SAP_ECC,2026-02-09T23:34:48.675411
KNA000047,Customer_47,BR,San Francisco,42591,+1-396-294-9786,contact_47@company47.com,SAP_ECC,2026-02-09T23:34:48.675414
KNA000048,Customer_48,FR,London,65296,+1-387-385-8579,contact_48@company48.com,SAP_ECC,2026-02-09T23:34:48.675418
KNA000049,Customer_49,US,San Francisco,68082,+1-763-200-1828,contact_49@company49.com,SAP_ECC,2026-02-09T23:34:48.675422
KNA000050,Customer_50,AU,Tokyo,11934,+1-295-871-4872,contact_50@company50.com,SAP_ECC,2026-02-09T23:34:48.675425
KNA000051,Acme Corp Variant 50,US,Toronto,73653,+1-692-318-7570,contact_51@company51.com,SAP_ECC,2026-02-09T23:34:48.675431
KNA000052,Customer_52,US,London,59672,+1-202-499-5345,contact_52@company52.com,SAP_ECC,2026-02-09T23:34:48.675435
KNA000053,Customer_53,BR,Sydney,47388,+1-633-813-8973,contact_53@company53.com,SAP_ECC,2026-02-09T23:34:48.675441
KNA000054,Customer_54,US,Berlin,48890,+1-422-159-9883,contact_54@company54.com,SAP_ECC,2026-02-09T23:34:48.675445
KNA000055,Customer_55,US,Mumbai,17492,+1-251-698-8811,contact_55@company55.com,SAP_ECC,2026-02-09T23:34:48.675448
KNA000056,Customer_56,IN,Tokyo,30635,+1-258-620-2312,contact_56@company56.com,SAP_ECC,2026-02-09T23:34:48.675452
KNA000057,Customer_57,SG,London,18981,+1-809-169-4853,contact_57@company57.com,SAP_ECC,2026-02-09T23:34:48.675455
KNA000058,Customer_58,DE,San Francisco,84668,+1-452-692-1651,contact_58@company58.com,SAP_ECC,2026-02-09T23:34:48.675459
KNA000059,Customer_59,CA,San Francisco,64948,+1-873-697-9565,contact_59@company59.com,SAP_ECC,2026-02-09T23:34:48.675463
KNA000060,Customer_60,UK,Paris,36772,+1-885-833-6147,contact_60@company60.com,SAP_ECC,2026-02-09T23:34:48.675466
KNA000061,Acme Corp Variant 60,US,Paris,61876,+1-334-787-5915,contact_61@company61.com,SAP_ECC,2026-02-09T23:34:48.675470
KNA000062,Customer_62,FR,Mumbai,19508,+1-209-569-2638,contact_62@company62.com,SAP_ECC,2026-02-09T23:34:48.675474
KNA000063,Customer_63,US,Tokyo,37938,+1-718-371-3170,contact_63@company63.com,SAP_ECC,2026-02-09T23:34:48.675477
KNA000064,Customer_64,UK,San Francisco,42018,+1-578-391-3584,contact_64@company64.com,SAP_ECC,2026-02-09T23:34:48.675481
KNA000065,Customer_65,FR,Tokyo,49651,+1-826-926-9666,contact_65@company65.com,SAP_ECC,2026-02-09T23:34:48.675484
KNA000066,Customer_66,US,Tokyo,49240,+1-879-206-3200,contact_66@company66.com,SAP_ECC,2026-02-09T23:34:48.675489
KNA000067,Customer_67,UK,San Francisco,24029,+1-960-666-3546,contact_67@company67.com,SAP_ECC,2026-02-09T23:34:48.675492
KNA000068,Customer_68,UK,Paris,89276,+1-415-834-6617,contact_68@company68.com,SAP_ECC,2026-02-09T23:34:48.675495
KNA000069,Customer_69,US,Paris,76244,+1-700-357-1832,contact_69@company69.com,SAP_ECC,2026-02-09T23:34:48.675499
KNA000070,Customer_70,US,Toronto,46265,+1-245-103-6464,contact_70@company70.com,SAP_ECC,2026-02-09T23:34:48.675503
KNA000071,Acme Corp Variant 70,BR,London,93507,+1-468-265-8239,contact_71@company71.com,SAP_ECC,2026-02-09T23:34:48.675506
KNA000072,Customer_72,IN,Toronto,83519,+1-209-214-2232,contact_72@company72.com,SAP_ECC,2026-02-09T23:34:48.675512
KNA000073,Customer_73,JP,London,81511,+1-236-954-7049,contact_73@company73.com,SAP_ECC,2026-02-09T23:34:48.675516
KNA000074,Customer_74,CA,Tokyo,29410,+1-640-230-1685,contact_74@company74.com,SAP_ECC,2026-02-09T23:34:48.675519
KNA000075,Customer_75,UK,Mumbai,15229,+1-566-315-5088,contact_75@company75.com,SAP_ECC,2026-02-09T23:34:48.675524
KNA000076,Customer_76,AU,San Francisco,56357,+1-998-673-7658,contact_76@company76.com,SAP_ECC,2026-02-09T23:34:48.675527
KNA000077,Customer_77,CA,London,41029,+1-366-919-3900,contact_77@company77.com,SAP_ECC,2026-02-09T23:34:48.675533
KNA000078,Customer_78,DE,New York,33509,+1-954-440-7745,contact_78@company78.com,SAP_ECC,2026-02-09T23:34:48.675538
KNA000079,Customer_79,BR,Berlin,44970,+1-363-906-2771,contact_79@company79.com,SAP_ECC,2026-02-09T23:34:48.675542
KNA000080,Customer_80,DE,New York,71694,+1-427-304-8541,contact_80@company80.com,SAP_ECC,2026-02-09T23:34:48.675546
KNA000081,Acme Corp Variant 80,UK,Paris,39831,+1-428-124-4164,contact_81@company81.com,SAP_ECC,2026-02-09T23:34:48.675550
KNA000082,Customer_82,DE,Mumbai,46517,+1-271-891-5573,contact_82@company82.com,SAP_ECC,2026-02-09T23:34:48.675555
KNA000083,Customer_83,UK,Tokyo,62386,+1-895-963-9785,contact_83@company83.com,SAP_ECC,2026-02-09T23:34:48.675560
KNA000084,Customer_84,UK,New York,25118,+1-467-282-5349,contact_84@company84.com,SAP_ECC,2026-02-09T23:34:48.675566
KNA000085,Customer_85,US,San Francisco,88193,+1-644-453-6139,contact_85@company85.com,SAP_ECC,2026-02-09T23:34:48.675580
KNA000086,Customer_86,DE,Singapore,77033,+1-318-494-4114,contact_86@company86.com,SAP_ECC,2026-02-09T23:34:48.675586
KNA000087,Customer_87,UK,New York,67154,+1-201-632-9821,contact_87@company87.com,SAP_ECC,2026-02-09T23:34:48.675592
KNA000088,Customer_88,AU,Berlin,57739,+1-641-171-6409,contact_88@company88.com,SAP_ECC,2026-02-09T23:34:48.675596
KNA000089,Customer_89,CA,Mumbai,96951,+1-327-837-5920,contact_89@company89.com,SAP_ECC,2026-02-09T23:34:48.675601
KNA000090,Customer_90,IN,Paris,97410,+1-618-434-7592,contact_90@company90.com,SAP_ECC,2026-02-09T23:34:48.675604
KNA000091,Acme Corp Variant 90,JP,Paris,82667,+1-330-296-7888,contact_91@company91.com,SAP_ECC,2026-02-09T23:34:48.675608
KNA000092,Customer_92,AU,Toronto,98777,+1-966-278-5930,contact_92@company92.com,SAP_ECC,2026-02-09T23:34:48.675614
KNA000093,Customer_93,DE,Tokyo,10053,+1-511-393-4443,contact_93@company93.com,SAP_ECC,2026-02-09T23:34:48.675617
KNA000094,Customer_94,DE,Singapore,89516,+1-870-429-8618,contact_94@company94.com,SAP_ECC,2026-02-09T23:34:48.675621
KNA000095,Customer_95,FR,Sydney,98555,+1-418-623-8752,contact_95@company95.com,SAP_ECC,2026-02-09T23:34:48.675625
KNA000096,Customer_96,BR,London,96356,+1-286-390-9445,contact_96@company96.com,SAP_ECC,2026-02-09T23:34:48.675628
KNA000097,Customer_97,AU,Singapore,53933,+1-295-938-4848,contact_97@company97.com,SAP_ECC,2026-02-09T23:34:48.675632
KNA000098,Customer_98,AU,Paris,39444,+1-403-250-1400,contact_98@company98.com,SAP_ECC,2026-02-09T23:34:48.675635
KNA000099,Customer_99,US,Berlin,72277,+1-825-970-2193,contact_99@company99.com,SAP_ECC,2026-02-09T23:34:48.675639
KNA000100,Customer_100,FR,Toronto,92544,+1-789-299-7291,contact_100@company100.com,SAP_ECC,2026-02-09T23:34:48.675643
KNA000101,Acme Corp Variant 100,FR,Toronto,41979,+1-351-771-1090,contact_101@company101.com,SAP_ECC,2026-02-09T23:34:48.675647
KNA000102,Customer_102,BR,San Francisco,65724,+1-424-280-9486,contact_102@company102.com,SAP_ECC,2026-02-09T23:34:48.675652
KNA000103,Customer_103,FR,New York,83060,+1-455-968-2988,contact_103@company103.com,SAP_ECC,2026-02-09T23:34:48.675656
KNA000104,Customer_104,FR,London,70901,+1-883-643-6198,contact_104@company104.com,SAP_ECC,2026-02-09T23:34:48.675660
KNA000105,Customer_105,BR,Sydney,90301,+1-936-616-7991,contact_105@company105.com,SAP_ECC,2026-02-09T23:34:48.675664
KNA000106,Customer_106,SG,Tokyo,68446,+1-362-861-8777,contact_106@company106.com,SAP_ECC,2026-02-09T23:34:48.675668
KNA000107,Customer_107,FR,Paris,42406,+1-852-383-9540,contact_107@company107.com,SAP_ECC,2026-02-09T23:34:48.675672
KNA000108,Customer_108,FR,Berlin,45992,+1-650-179-5681,contact_108@company108.com,SAP_ECC,2026-02-09T23:34:48.675675
KNA000109,Customer_109,US,Paris,54020,+1-527-653-2320,contact_109@company109.com,SAP_ECC,2026-02-09T23:34:48.675679
KNA000110,Customer_110,US,London,40311,+1-592-810-3503,contact_110@company110.com,SAP_ECC,2026-02-09T23:34:48.675683
KNA000111,Acme Corp Variant 110,JP,Berlin,18418,+1-624-517-6421,contact_111@company111.com,SAP_ECC,2026-02-09T23:34:48.675688
KNA000112,Customer_112,IN,Sydney,64496,+1-263-311-7883,contact_112@company112.com,SAP_ECC,2026-02-09T23:34:48.675692
KNA000113,Customer_113,DE,Singapore,12560,+1-983-689-7232,contact_113@company113.com,SAP_ECC,2026-02-09T23:34:48.675695
KNA000114,Customer_114,FR,New York,56105,+1-505-871-7389,contact_114@company114.com,SAP_ECC,2026-02-09T23:34:48.675699
KNA000115,Customer_115,SG,Toronto,80545,+1-965-852-9947,contact_115@company115.com,SAP_ECC,2026-02-09T23:34:48.675702
KNA000116,Customer_116,BR,Singapore,38906,+1-699-324-5471,contact_116@company116.com,SAP_ECC,2026-02-09T23:34:48.675706
KNA000117,Customer_117,DE,Sydney,13804,+1-598-444-7624,contact_117@company117.com,SAP_ECC,2026-02-09T23:34:48.675709
KNA000118,Customer_118,JP,London,71261,+1-330-737-9751,contact_118@company118.com,SAP_ECC,2026-02-09T23:34:48.675713
KNA000119,Customer_119,US,Toronto,87580,+1-777-778-1444,contact_119@company119.com,SAP_ECC,2026-02-09T23:34:48.675717
KNA000120,Customer_120,US,Toronto,27786,+1-672-286-1823,contact_120@company120.com,SAP_ECC,2026-02-09T23:34:48.675720
KNA000121,Acme Corp Variant 120,UK,Toronto,52906,+1-416-565-6355,contact_121@company121.com,SAP_ECC,2026-02-09T23:34:48.675724
KNA000122,Customer_122,UK,Toronto,46471,+1-970-951-7906,contact_122@company122.com,SAP_ECC,2026-02-09T23:34:48.675727
KNA000123,Customer_123,UK,San Francisco,71644,+1-219-867-9837,contact_123@company123.com,SAP_ECC,2026-02-09T23:34:48.675731
KNA000124,Customer_124,US,Mumbai,39389,+1-865-170-1659,contact_124@company124.com,SAP_ECC,2026-02-09T23:34:48.675734
KNA000125,Customer_125,BR,New York,42411,+1-404-959-1333,contact_125@company125.com,SAP_ECC,2026-02-09T23:34:48.675738
KNA000126,Customer_126,CA,London,41266,+1-329-584-2874,contact_126@company126.com,SAP_ECC,2026-02-09T23:34:48.675742
KNA000127,Customer_127,CA,Berlin,70952,+1-916-362-7043,contact_127@company127.com,SAP_ECC,2026-02-09T23:34:48.675746
KNA000128,Customer_128,US,Singapore,89593,+1-965-835-2876,contact_128@company128.com,SAP_ECC,2026-02-09T23:34:48.675752
KNA000129,Customer_129,BR,London,50768,+1-310-692-1420,contact_129@company129.com,SAP_ECC,2026-02-09T23:34:48.675755
KNA000130,Customer_130,UK,Singapore,98781,+1-584-506-4249,contact_130@company130.com,SAP_ECC,2026-02-09T23:34:48.675759
KNA000131,Acme Corp Variant 130,US,Singapore,92213,+1-448-204-5941,contact_131@company131.com,SAP_ECC,2026-02-09T23:34:48.675766
KNA000132,Customer_132,SG,Singapore,25866,+1-779-901-1672,contact_132@company132.com,SAP_ECC,2026-02-09T23:34:48.675770
KNA000133,Customer_133,UK,Tokyo,66148,+1-877-479-2129,contact_133@company133.com,SAP_ECC,2026-02-09T23:34:48.675773
KNA000134,Customer_134,IN,Mumbai,11658,+1-630-942-9031,contact_134@company134.com,SAP_ECC,2026-02-09T23:34:48.675776
KNA000135,Customer_135,US,Toronto,57472,+1-850-948-8532,contact_135@company135.com,SAP_ECC,2026-02-09T23:34:48.675780
KNA000136,Customer_136,JP,London,67080,+1-380-851-9548,contact_136@company136.com,SAP_ECC,2026-02-09T23:34:48.675783
KNA000137,Customer_137,AU,Paris,90728,+1-751-893-8921,contact_137@company137.com,SAP_ECC,2026-02-09T23:34:48.675787
KNA000138,Customer_138,FR,Toronto,87656,+1-474-430-5022,contact_138@company138.com,SAP_ECC,2026-02-09T23:34:48.675791
KNA000139,Customer_139,SG,San Francisco,46559,+1-661-349-8613,contact_139@company139.com,SAP_ECC,2026-02-09T23:34:48.675794
KNA000140,Customer_140,CA,Singapore,97580,+1-588-444-1470,contact_140@company140.com,SAP_ECC,2026-02-09T23:34:48.675799
KNA000141,Acme Corp Variant 140,FR,Mumbai,33834,+1-699-317-6813,contact_141@company141.com,SAP_ECC,2026-02-09T23:34:48.675805
KNA000142,Customer_142,BR,Paris,54608,+1-486-710-5526,contact_142@company142.com,SAP_ECC,2026-02-09T23:34:48.675811
KNA000143,Customer_143,IN,New York,77715,+1-395-187-4954,contact_143@company143.com,SAP_ECC,2026-02-09T23:34:48.675816
KNA000144,Customer_144,JP,Toronto,74038,+1-768-876-4937,contact_144@company144.com,SAP_ECC,2026-02-09T23:34:48.675821
KNA000145,Customer_145,JP,Sydney,94659,+1-928-602-8342,contact_145@company145.com,SAP_ECC,2026-02-09T23:34:48.675826
KNA000146,Customer_146,BR,New York,22196,+1-501-326-7625,contact_146@company146.com,SAP_ECC,2026-02-09T23:34:48.675832
KNA000147,Customer_147,JP,Berlin,50135,+1-879-695-7046,contact_147@company147.com,SAP_ECC,2026-02-09T23:34:48.675837
KNA000148,Customer_148,FR,Tokyo,79588,+1-552-535-6419,contact_148@company148.com,SAP_ECC,2026-02-09T23:34:48.675843
KNA000149,Customer_149,UK,Sydney,45509,+1-513-357-4777,contact_149@company149.com,SAP_ECC,2026-02-09T23:34:48.675847
KNA000150,Customer_150,US,Berlin,51359,+1-322-860-9779,contact_150@company150.com,SAP_ECC,2026-02-09T23:34:48.675854
KNA000151,Acme Corp Variant 150,BR,London,35105,+1-421-856-8933,contact_151@company151.com,SAP_ECC,2026-02-09T23:34:48.675858
KNA000152,Customer_152,UK,Singapore,78765,+1-811-389-2647,contact_152@company152.com,SAP_ECC,2026-02-09T23:34:48.675862
KNA000153,Customer_153,SG,Berlin,48829,+1-432-469-3939,contact_153@company153.com,SAP_ECC,2026-02-09T23:34:48.675867
KNA000154,Customer_154,UK,New York,80010,+1-329-380-1745,contact_154@company154.com,SAP_ECC,2026-02-09T23:34:48.675871
KNA000155,Customer_155,US,Tokyo,48290,+1-914-229-9042,contact_155@company155.com,SAP_ECC,2026-02-09T23:34:48.675875
KNA000156,Customer_156,US,New York,85243,+1-491-580-8843,contact_156@company156.com,SAP_ECC,2026-02-09T23:34:48.675878
KNA000157,Customer_157,FR,Mumbai,34164,+1-252-358-8827,contact_157@company157.com,SAP_ECC,2026-02-09T23:34:48.675882
KNA000158,Customer_158,US,San Francisco,62521,+1-703-175-1878,contact_158@company158.com,SAP_ECC,2026-02-09T23:34:48.675886
KNA000159,Customer_159,US,London,83772,+1-511-187-5066,contact_159@company159.com,SAP_ECC,2026-02-09T23:34:48.675889
KNA000160,Customer_160,US,Tokyo,64548,+1-820-710-4697,contact_160@company160.com,SAP_ECC,2026-02-09T23:34:48.675893
KNA000161,Acme Corp Variant 160,BR,Tokyo,59856,+1-661-553-5871,contact_161@company161.com,SAP_ECC,2026-02-09T23:34:48.675896
KNA000162,Customer_162,SG,Singapore,66207,+1-512-682-1986,contact_162@company162.com,SAP_ECC,2026-02-09T23:34:48.675900
KNA000163,Customer_163,CA,San Francisco,37235,+1-840-316-5335,contact_163@company163.com,SAP_ECC,2026-02-09T23:34:48.675904
KNA000164,Customer_164,AU,San Francisco,30585,+1-445-277-2229,contact_164@company164.com,SAP_ECC,2026-02-09T23:34:48.675907
KNA000165,Customer_165,US,New York,63545,+1-661-805-8699,contact_165@company165.com,SAP_ECC,2026-02-09T23:34:48.675912
KNA000166,Customer_166,UK,New York,40340,+1-495-823-5632,contact_166@company166.com,SAP_ECC,2026-02-09T23:34:48.675917
KNA000167,Customer_167,JP,Sydney,19329,+1-903-339-5334,contact_167@company167.com,SAP_ECC,2026-02-09T23:34:48.675922
KNA000168,Customer_168,BR,Singapore,96662,+1-402-535-2880,contact_168@company168.com,SAP_ECC,2026-02-09T23:34:48.675928
KNA000169,Customer_169,IN,Berlin,94886,+1-352-372-3330,contact_169@company169.com,SAP_ECC,2026-02-09T23:34:48.675933
KNA000170,Customer_170,US,New York,31747,+1-514-709-5728,contact_170@company170.com,SAP_ECC,2026-02-09T23:34:48.675941
KNA000171,Acme Corp Variant 170,FR,San Francisco,71433,+1-905-411-7594,contact_171@company171.com,SAP_ECC,2026-02-09T23:34:48.675947
KNA000172,Customer_172,UK,Tokyo,80776,+1-705-548-2317,contact_172@company172.com,SAP_ECC,2026-02-09T23:34:48.675952
KNA000173,Customer_173,CA,New York,66626,+1-952-430-5102,contact_173@company173.com,SAP_ECC,2026-02-09T23:34:48.675957
KNA000174,Customer_174,US,San Francisco,40005,+1-890-956-1339,contact_174@company174.com,SAP_ECC,2026-02-09T23:34:48.675963
KNA000175,Customer_175,BR,Paris,85529,+1-241-881-3870,contact_175@company175.com,SAP_ECC,2026-02-09T23:34:48.675969
KNA000176,Customer_176,FR,Tokyo,95394,+1-652-384-3973,contact_176@company176.com,SAP_ECC,2026-02-09T23:34:48.675974
KNA000177,Customer_177,CA,Toronto,93202,+1-703-193-8700,contact_177@company177.com,SAP_ECC,2026-02-09T23:34:48.675980
KNA000178,Customer_178,UK,Toronto,53687,+1-528-786-2713,contact_178@company178.com,SAP_ECC,2026-02-09T23:34:48.675985
KNA000179,Customer_179,SG,London,53228,+1-621-810-9117,contact_179@company179.com,SAP_ECC,2026-02-09T23:34:48.675995
KNA000180,Customer_180,UK,Toronto,82102,+1-237-565-2442,contact_180@company180.com,SAP_ECC,2026-02-09T23:34:48.676001
KNA000181,Acme Corp Variant 180,UK,Paris,52372,+1-318-891-7622,contact_181@company181.com,SAP_ECC,2026-02-09T23:34:48.676011
KNA000182,Customer_182,SG,Tokyo,10150,+1-873-990-9889,contact_182@company182.com,SAP_ECC,2026-02-09T23:34:48.676014
KNA000183,Customer_183,FR,Toronto,17104,+1-392-630-6927,contact_183@company183.com,SAP_ECC,2026-02-09T23:34:48.676018
KNA000184,Customer_184,CA,Sydney,91973,+1-652-878-1845,contact_184@company184.com,SAP_ECC,2026-02-09T23:34:48.676022
KNA000185,Customer_185,US,Paris,81987,+1-334-394-8178,contact_185@company185.com,SAP_ECC,2026-02-09T23:34:48.676026
KNA000186,Customer_186,JP,Sydney,25915,+1-229-745-4920,contact_186@company186.com,SAP_ECC,2026-02-09T23:34:48.676029
KNA000187,Customer_187,JP,London,50730,+1-764-114-7684,contact_187@company187.com,SAP_ECC,2026-02-09T23:34:48.676033
KNA000188,Customer_188,US,Berlin,24871,+1-672-220-3522,contact_188@company188.com,SAP_ECC,2026-02-09T23:34:48.676037
KNA000189,Customer_189,FR,Paris,76698,+1-922-379-7807,contact_189@company189.com,SAP_ECC,2026-02-09T23:34:48.676042
KNA000190,Customer_190,SG,Sydney,71894,+1-449-567-3369,contact_190@company190.com,SAP_ECC,2026-02-09T23:34:48.676046
KNA000191,Acme Corp Variant 190,DE,Berlin,88561,+1-720-864-3236,contact_191@company191.com,SAP_ECC,2026-02-09T23:34:48.676050
KNA000192,Customer_192,SG,San Francisco,46208,+1-991-908-7798,contact_192@company192.com,SAP_ECC,2026-02-09T23:34:48.676053
KNA000193,Customer_193,UK,Tokyo,45018,+1-202-389-5891,contact_193@company193.com,SAP_ECC,2026-02-09T23:34:48.676057
KNA000194,Customer_194,SG,Singapore,86011,+1-875-601-3434,contact_194@company194.com,SAP_ECC,2026-02-09T23:34:48.676061
KNA000195,Customer_195,FR,Tokyo,73483,+1-553-440-9903,contact_195@company195.com,SAP_ECC,2026-02-09T23:34:48.676064
KNA000196,Customer_196,DE,Sydney,52176,+1-393-814-4912,contact_196@company196.com,SAP_ECC,2026-02-09T23:34:48.676068
KNA000197,Customer_197,CA,Toronto,40613,+1-994-520-1715,contact_197@company197.com,SAP_ECC,2026-02-09T23:34:48.676071
KNA000198,Customer_198,UK,Sydney,59968,+1-595-779-3492,contact_198@company198.com,SAP_ECC,2026-02-09T23:34:48.676075
KNA000199,Customer_199,FR,New York,26547,+1-714-704-6439,contact_199@company199.com,SAP_ECC,2026-02-09T23:34:48.676079
KNA000200,Customer_200,SG,San Francisco,67711,+1-302-638-8486,contact_200@company200.com,SAP_ECC,2026-02-09T23:34:48.676086
KNA000201,Acme Corp Variant 200,US,London,63736,+1-870-258-2225,contact_201@company201.com,SAP_ECC,2026-02-09T23:34:48.676091
KNA000202,Customer_202,FR,Paris,54375,+1-838-809-7512,contact_202@company202.com,SAP_ECC,2026-02-09T23:34:48.676097
KNA000203,Customer_203,AU,San Francisco,53065,+1-890-979-9742,contact_203@company203.com,SAP_ECC,2026-02-09T23:34:48.676103
KNA000204,Customer_204,DE,Mumbai,92155,+1-935-877-8994,contact_204@company204.com,SAP_ECC,2026-02-09T23:34:48.676111
KNA000205,Customer_205,SG,Tokyo,14705,+1-832-170-4846,contact_205@company205.com,SAP_ECC,2026-02-09T23:34:48.676117
KNA000206,Customer_206,AU,Paris,39817,+1-964-192-8110,contact_206@company206.com,SAP_ECC,2026-02-09T23:34:48.676122
KNA000207,Customer_207,US,San Francisco,68153,+1-370-810-5906,contact_207@company207.com,SAP_ECC,2026-02-09T23:34:48.676127
KNA000208,Customer_208,US,New York,52516,+1-257-400-6873,contact_208@company208.com,SAP_ECC,2026-02-09T23:34:48.676132
KNA000209,Customer_209,UK,Toronto,29080,+1-450-643-7751,contact_209@company209.com,SAP_ECC,2026-02-09T23:34:48.676140
KNA000210,Customer_210,CA,London,32280,+1-379-180-7267,contact_210@company210.com,SAP_ECC,2026-02-09T23:34:48.676145
KNA000211,Acme Corp Variant 210,CA,Berlin,75230,+1-797-246-4804,contact_211@company211.com,SAP_ECC,2026-02-09T23:34:48.676150
KNA000212,Customer_212,FR,Paris,70236,+1-461-782-1153,contact_212@company212.com,SAP_ECC,2026-02-09T23:34:48.676155
KNA000213,Customer_213,BR,Sydney,47700,+1-893-659-3588,contact_213@company213.com,SAP_ECC,2026-02-09T23:34:48.676160
KNA000214,Customer_214,US,Sydney,55293,+1-801-406-7951,contact_214@company214.com,SAP_ECC,2026-02-09T23:34:48.676165
KNA000215,Customer_215,JP,Paris,69878,+1-509-303-7302,contact_215@company215.com,SAP_ECC,2026-02-09T23:34:48.676169
KNA000216,Customer_216,SG,Sydney,23979,+1-442-490-6881,contact_216@company216.com,SAP_ECC,2026-02-09T23:34:48.676174
KNA000217,Customer_217,CA,Paris,48696,+1-222-949-7484,contact_217@company217.com,SAP_ECC,2026-02-09T23:34:48.676180
KNA000218,Customer_218,UK,New York,84177,+1-902-896-1803,contact_218@company218.com,SAP_ECC,2026-02-09T23:34:48.676185
KNA000219,Customer_219,CA,Sydney,47512,+1-994-918-4770,contact_219@company219.com,SAP_ECC,2026-02-09T23:34:48.676191
KNA000220,Customer_220,CA,Mumbai,38705,+1-851-294-5106,contact_220@company220.com,SAP_ECC,2026-02-09T23:34:48.676197
KNA000221,Acme Corp Variant 220,AU,London,92345,+1-299-742-1645,contact_221@company221.com,SAP_ECC,2026-02-09T23:34:48.676202
KNA000222,Customer_222,UK,Sydney,14373,+1-793-473-3153,contact_222@company222.com,SAP_ECC,2026-02-09T23:34:48.676207
KNA000223,Customer_223,US,Paris,52823,+1-965-525-3877,contact_223@company223.com,SAP_ECC,2026-02-09T23:34:48.676212
KNA000224,Customer_224,US,London,80701,+1-574-643-9221,contact_224@company224.com,SAP_ECC,2026-02-09T23:34:48.676230
KNA000225,Customer_225,UK,London,43681,+1-693-925-5835,contact_225@company225.com,SAP_ECC,2026-02-09T23:34:48.676236
KNA000226,Customer_226,JP,Mumbai,25095,+1-679-177-3306,contact_226@company226.com,SAP_ECC,2026-02-09T23:34:48.676241
KNA000227,Customer_227,BR,Berlin,98647,+1-941-790-7511,contact_227@company227.com,SAP_ECC,2026-02-09T23:34:48.676246
KNA000228,Customer_228,SG,Tokyo,57942,+1-292-909-7464,contact_228@company228.com,SAP_ECC,2026-02-09T23:34:48.676254
KNA000229,Customer_229,US,Paris,80329,+1-326-565-7038,contact_229@company229.com,SAP_ECC,2026-02-09T23:34:48.676259
KNA000230,Customer_230,AU,Paris,86619,+1-590-942-7086,contact_230@company230.com,SAP_ECC,2026-02-09T23:34:48.676266
KNA000231,Acme Corp Variant 230,US,Berlin,71797,+1-225-734-6374,contact_231@company231.com,SAP_ECC,2026-02-09T23:34:48.676272
KNA000232,Customer_232,CA,Berlin,94889,+1-264-750-8606,contact_232@company232.com,SAP_ECC,2026-02-09T23:34:48.676277
KNA000233,Customer_233,JP,Paris,95097,+1-618-219-3290,contact_233@company233.com,SAP_ECC,2026-02-09T23:34:48.676283
KNA000234,Customer_234,US,New York,49893,+1-704-218-2592,contact_234@company234.com,SAP_ECC,2026-02-09T23:34:48.676288
KNA000235,Customer_235,US,Tokyo,27781,+1-597-564-7078,contact_235@company235.com,SAP_ECC,2026-02-09T23:34:48.676293
KNA000236,Customer_236,AU,Tokyo,64935,+1-801-860-3531,contact_236@company236.com,SAP_ECC,2026-02-09T23:34:48.676298
KNA000237,Customer_237,DE,San Francisco,74139,+1-830-517-5583,contact_237@company237.com,SAP_ECC,2026-02-09T23:34:48.676304
KNA000238,Customer_238,US,Mumbai,38477,+1-654-555-4868,contact_238@company238.com,SAP_ECC,2026-02-09T23:34:48.676309
KNA000239,Customer_239,SG,Mumbai,23022,+1-902-476-9920,contact_239@company239.com,SAP_ECC,2026-02-09T23:34:48.676314
KNA000240,Customer_240,AU,Mumbai,17936,+1-607-382-4109,contact_240@company240.com,SAP_ECC,2026-02-09T23:34:48.676319
KNA000241,Acme Corp Variant 240,US,Sydney,22015,+1-878-317-1349,contact_241@company241.com,SAP_ECC,2026-02-09T23:34:48.676324
KNA000242,Customer_242,US,Mumbai,41925,+1-328-905-4362,contact_242@company242.com,SAP_ECC,2026-02-09T23:34:48.676329
KNA000243,Customer_243,US,Tokyo,37152,+1-800-321-4817,contact_243@company243.com,SAP_ECC,2026-02-09T23:34:48.676334
KNA000244,Customer_244,UK,London,88116,+1-202-383-3370,contact_244@company244.com,SAP_ECC,2026-02-09T23:34:48.676339
KNA000245,Customer_245,US,Tokyo,42853,+1-378-212-1422,contact_245@company245.com,SAP_ECC,2026-02-09T23:34:48.676344
KNA000246,Customer_246,US,New York,56955,+1-443-702-6304,contact_246@company246.com,SAP_ECC,2026-02-09T23:34:48.676348
KNA000247,Customer_247,US,London,44782,+1-253-229-7897,contact_247@company247.com,SAP_ECC,2026-02-09T23:34:48.676352
KNA000248,Customer_248,IN,San Francisco,18330,+1-687-559-6931,contact_248@company248.com,SAP_ECC,2026-02-09T23:34:48.676357
KNA000249,Customer_249,IN,Singapore,24293,+1-662-615-4629,contact_249@company249.com,SAP_ECC,2026-02-09T23:34:48.676361
KNA000250,Customer_250,CA,New York,96363,+1-733-408-8504,contact_250@company250.com,SAP_ECC,2026-02-09T23:34:48.676365
KNA000251,Acme Corp Variant 250,AU,New York,17972,+1-690-967-7580,contact_251@company251.com,SAP_ECC,2026-02-09T23:34:48.676368
KNA000252,Customer_252,DE,San Francisco,74260,+1-929-554-2204,contact_252@company252.com,SAP_ECC,2026-02-09T23:34:48.676372
KNA000253,Customer_253,US,Mumbai,89730,+1-351-167-3067,contact_253@company253.com,SAP_ECC,2026-02-09T23:34:48.676375
KNA000254,Customer_254,UK,Singapore,92978,+1-799-661-6327,contact_254@company254.com,SAP_ECC,2026-02-09T23:34:48.676379
KNA000255,Customer_255,DE,Singapore,79541,+1-501-564-9282,contact_255@company255.com,SAP_ECC,2026-02-09T23:34:48.676384
KNA000256,Customer_256,CA,Toronto,22999,+1-918-217-4522,contact_256@company256.com,SAP_ECC,2026-02-09T23:34:48.676389
KNA000257,Customer_257,DE,Sydney,39949,+1-623-447-8430,contact_257@company257.com,SAP_ECC,2026-02-09T23:34:48.676393
KNA000258,Customer_258,DE,Toronto,22463,+1-520-537-6120,contact_258@company258.com,SAP_ECC,2026-02-09T23:34:48.676397
KNA000259,Customer_259,AU,Paris,59060,+1-356-803-8770,contact_259@company259.com,SAP_ECC,2026-02-09T23:34:48.676401
KNA000260,Customer_260,US,San Francisco,21188,+1-295-542-2582,contact_260@company260.com,SAP_ECC,2026-02-09T23:34:48.676404
KNA000261,Acme Corp Variant 260,JP,Mumbai,27054,+1-769-161-6400,contact_261@company261.com,SAP_ECC,2026-02-09T23:34:48.676408
KNA000262,Customer_262,AU,San Francisco,63845,+1-562-994-7929,contact_262@company262.com,SAP_ECC,2026-02-09T23:34:48.676412
KNA000263,Customer_263,SG,New York,47700,+1-814-419-6761,contact_263@company263.com,SAP_ECC,2026-02-09T23:34:48.676416
KNA000264,Customer_264,US,Singapore,76507,+1-417-258-8900,contact_264@company264.com,SAP_ECC,2026-02-09T23:34:48.676419
KNA000265,Customer_265,US,San Francisco,55890,+1-769-476-2882,contact_265@company265.com,SAP_ECC,2026-02-09T23:34:48.676423
KNA000266,Customer_266,BR,Paris,85248,+1-431-926-8030,contact_266@company266.com,SAP_ECC,2026-02-09T23:34:48.676427
KNA000267,Customer_267,SG,Tokyo,91490,+1-828-791-1430,contact_267@company267.com,SAP_ECC,2026-02-09T23:34:48.676433
KNA000268,Customer_268,CA,Paris,13794,+1-384-379-6062,contact_268@company268.com,SAP_ECC,2026-02-09T23:34:48.676437
KNA000269,Customer_269,UK,Mumbai,10800,+1-385-990-3347,contact_269@company269.com,SAP_ECC,2026-02-09T23:34:48.676440
KNA000270,Customer_270,CA,Toronto,19120,+1-345-858-1502,contact_270@company270.com,SAP_ECC,2026-02-09T23:34:48.676444
KNA000271,Acme Corp Variant 270,US,Tokyo,38197,+1-585-529-8432,contact_271@company271.com,SAP_ECC,2026-02-09T23:34:48.676448
KNA000272,Customer_272,UK,London,58503,+1-519-838-6314,contact_272@company272.com,SAP_ECC,2026-02-09T23:34:48.676451
KNA000273,Customer_273,BR,Singapore,88148,+1-286-153-3549,contact_273@company273.com,SAP_ECC,2026-02-09T23:34:48.676455
KNA000274,Customer_274,US,Singapore,16522,+1-890-183-5458,contact_274@company274.com,SAP_ECC,2026-02-09T23:34:48.676458
KNA000275,Customer_275,FR,Toronto,73656,+1-821-552-7785,contact_275@company275.com,SAP_ECC,2026-02-09T23:34:48.676462
KNA000276,Customer_276,UK,Berlin,77154,+1-316-453-8043,contact_276@company276.com,SAP_ECC,2026-02-09T23:34:48.676465
KNA000277,Customer_277,US,Paris,98895,+1-894-707-8972,contact_277@company277.com,SAP_ECC,2026-02-09T23:34:48.676471
KNA000278,Customer_278,IN,Paris,15952,+1-425-504-1897,contact_278@company278.com,SAP_ECC,2026-02-09T23:34:48.676474
KNA000279,Customer_279,US,Berlin,49507,+1-416-885-3248,contact_279@company279.com,SAP_ECC,2026-02-09T23:34:48.676478
KNA000280,Customer_280,BR,Paris,47938,+1-535-222-1126,contact_280@company280.com,SAP_ECC,2026-02-09T23:34:48.676482
KNA000281,Acme Corp Variant 280,FR,Toronto,33028,+1-332-489-9725,contact_281@company281.com,SAP_ECC,2026-02-09T23:34:48.676492
KNA000282,Customer_282,JP,Berlin,75570,+1-772-953-6802,contact_282@company282.com,SAP_ECC,2026-02-09T23:34:48.676496
KNA000283,Customer_283,US,Toronto,15544,+1-646-119-8532,contact_283@company283.com,SAP_ECC,2026-02-09T23:34:48.676499
KNA000284,Customer_284,US,Mumbai,85465,+1-639-687-7626,contact_284@company284.com,SAP_ECC,2026-02-09T23:34:48.676504
KNA000285,Customer_285,JP,Toronto,47947,+1-317-514-1341,contact_285@company285.com,SAP_ECC,2026-02-09T23:34:48.676510
KNA000286,Customer_286,UK,London,91018,+1-671-951-6928,contact_286@company286.com,SAP_ECC,2026-02-09T23:34:48.676516
KNA000287,Customer_287,US,Toronto,23875,+1-449-546-7560,contact_287@company287.com,SAP_ECC,2026-02-09T23:34:48.676523
KNA000288,Customer_288,IN,San Francisco,61873,+1-517-863-6562,contact_288@company288.com,SAP_ECC,2026-02-09T23:34:48.676529
KNA000289,Customer_289,US,Mumbai,32037,+1-278-622-2868,contact_289@company289.com,SAP_ECC,2026-02-09T23:34:48.676535
KNA000290,Customer_290,IN,Tokyo,35415,+1-994-457-6752,contact_290@company290.com,SAP_ECC,2026-02-09T23:34:48.676540
KNA000291,Acme Corp Variant 290,JP,London,40968,+1-305-249-5193,contact_291@company291.com,SAP_ECC,2026-02-09T23:34:48.676546
KNA000292,Customer_292,US,London,88957,+1-356-878-2234,contact_292@company292.com,SAP_ECC,2026-02-09T23:34:48.676552
KNA000293,Customer_293,US,Sydney,70811,+1-972-677-8354,contact_293@company293.com,SAP_ECC,2026-02-09T23:34:48.676559
KNA000294,Customer_294,AU,Singapore,94278,+1-850-739-6295,contact_294@company294.com,SAP_ECC,2026-02-09T23:34:48.676563
KNA000295,Customer_295,SG,Mumbai,29786,+1-650-169-8682,contact_295@company295.com,SAP_ECC,2026-02-09T23:34:48.676566
KNA000296,Customer_296,FR,Paris,46002,+1-805-157-6766,contact_296@company296.com,SAP_ECC,2026-02-09T23:34:48.676575
KNA000297,Customer_297,IN,San Francisco,50685,+1-672-562-1616,contact_297@company297.com,SAP_ECC,2026-02-09T23:34:48.676579
KNA000298,Customer_298,US,Mumbai,47627,+1-278-760-2479,contact_298@company298.com,SAP_ECC,2026-02-09T23:34:48.676583
KNA000299,Customer_299,CA,Singapore,76462,+1-593-573-1672,contact_299@company299.com,SAP_ECC,2026-02-09T23:34:48.676587
KNA000300,Customer_300,FR,Singapore,95437,+1-392-429-8792,contact_300@company300.com,SAP_ECC,2026-02-09T23:34:48.676590
KNA000301,Acme Corp Variant 300,IN,London,18109,+1-661-205-6626,contact_301@company301.com,SAP_ECC,2026-02-09T23:34:48.676594
KNA000302,Customer_302,JP,San Francisco,76132,+1-861-276-1641,contact_302@company302.com,SAP_ECC,2026-02-09T23:34:48.676598
KNA000303,Customer_303,US,Sydney,67595,+1-736-635-3600,contact_303@company303.com,SAP_ECC,2026-02-09T23:34:48.676601
KNA000304,Customer_304,UK,Mumbai,47079,+1-596-518-6543,contact_304@company304.com,SAP_ECC,2026-02-09T23:34:48.676607
KNA000305,Customer_305,AU,Singapore,16863,+1-846-762-6482,contact_305@company305.com,SAP_ECC,2026-02-09T23:34:48.676611
KNA000306,Customer_306,US,Mumbai,22387,+1-771-794-7333,contact_306@company306.com,SAP_ECC,2026-02-09T23:34:48.676619
KNA000307,Customer_307,UK,Paris,96057,+1-817-994-3463,contact_307@company307.com,SAP_ECC,2026-02-09T23:34:48.676623
KNA000308,Customer_308,UK,San Francisco,86380,+1-879-244-6731,contact_308@company308.com,SAP_ECC,2026-02-09T23:34:48.676629
KNA000309,Customer_309,UK,Toronto,26901,+1-809-825-2388,contact_309@company309.com,SAP_ECC,2026-02-09T23:34:48.676634
KNA000310,Customer_310,UK,Tokyo,59372,+1-858-910-6381,contact_310@company310.com,SAP_ECC,2026-02-09T23:34:48.676640
KNA000311,Acme Corp Variant 310,SG,London,97833,+1-919-948-9624,contact_311@company311.com,SAP_ECC,2026-02-09T23:34:48.676646
KNA000312,Customer_312,US,Toronto,76648,+1-570-118-6940,contact_312@company312.com,SAP_ECC,2026-02-09T23:34:48.676651
KNA000313,Customer_313,UK,London,38074,+1-549-884-8967,contact_313@company313.com,SAP_ECC,2026-02-09T23:34:48.676657
KNA000314,Customer_314,US,Berlin,28030,+1-358-179-5846,contact_314@company314.com,SAP_ECC,2026-02-09T23:34:48.676662
KNA000315,Customer_315,SG,San Francisco,76543,+1-989-652-9626,contact_315@company315.com,SAP_ECC,2026-02-09T23:34:48.676667
KNA000316,Customer_316,US,Mumbai,91006,+1-334-711-7172,contact_316@company316.com,SAP_ECC,2026-02-09T23:34:48.676673
KNA000317,Customer_317,US,London,33703,+1-909-889-3712,contact_317@company317.com,SAP_ECC,2026-02-09T23:34:48.676679
KNA000318,Customer_318,JP,Sydney,15726,+1-620-473-4891,contact_318@company318.com,SAP_ECC,2026-02-09T23:34:48.676684
KNA000319,Customer_319,FR,Singapore,47346,+1-970-866-8355,contact_319@company319.com,SAP_ECC,2026-02-09T23:34:48.676689
KNA000320,Customer_320,US,Tokyo,41348,+1-516-928-8684,contact_320@company320.com,SAP_ECC,2026-02-09T23:34:48.676694
KNA000321,Acme Corp Variant 320,SG,Berlin,58213,+1-894-684-8218,contact_321@company321.com,SAP_ECC,2026-02-09T23:34:48.676699
KNA000322,Customer_322,FR,Paris,60052,+1-714-640-7859,contact_322@company322.com,SAP_ECC,2026-02-09T23:34:48.676702
KNA000323,Customer_323,US,Berlin,89254,+1-341-993-5096,contact_323@company323.com,SAP_ECC,2026-02-09T23:34:48.676706
KNA000324,Customer_324,US,Sydney,58655,+1-767-205-9452,contact_324@company324.com,SAP_ECC,2026-02-09T23:34:48.676711
KNA000325,Customer_325,SG,San Francisco,47363,+1-285-881-3626,contact_325@company325.com,SAP_ECC,2026-02-09T23:34:48.676715
KNA000326,Customer_326,UK,Sydney,77286,+1-350-950-8167,contact_326@company326.com,SAP_ECC,2026-02-09T23:34:48.676721
KNA000327,Customer_327,US,Berlin,69130,+1-557-127-7797,contact_327@company327.com,SAP_ECC,2026-02-09T23:34:48.676725
KNA000328,Customer_328,US,Toronto,75799,+1-582-341-7326,contact_328@company328.com,SAP_ECC,2026-02-09T23:34:48.676728
KNA000329,Customer_329,US,Mumbai,39430,+1-228-426-2623,contact_329@company329.com,SAP_ECC,2026-02-09T23:34:48.676732
KNA000330,Customer_330,SG,Mumbai,29142,+1-340-139-5700,contact_330@company330.com,SAP_ECC,2026-02-09T23:34:48.676735
KNA000331,Acme Corp Variant 330,SG,Sydney,28191,+1-977-822-8685,contact_331@company331.com,SAP_ECC,2026-02-09T23:34:48.676739
KNA000332,Customer_332,FR,Singapore,10688,+1-281-119-5193,contact_332@company332.com,SAP_ECC,2026-02-09T23:34:48.676744
KNA000333,Customer_333,US,London,81932,+1-944-723-9647,contact_333@company333.com,SAP_ECC,2026-02-09T23:34:48.676748
KNA000334,Customer_334,DE,San Francisco,47762,+1-443-408-2996,contact_334@company334.com,SAP_ECC,2026-02-09T23:34:48.676751
KNA000335,Customer_335,US,Berlin,65027,+1-854-912-8489,contact_335@company335.com,SAP_ECC,2026-02-09T23:34:48.676755
KNA000336,Customer_336,US,San Francisco,75513,+1-811-648-1269,contact_336@company336.com,SAP_ECC,2026-02-09T23:34:48.676758
KNA000337,Customer_337,AU,Tokyo,85372,+1-447-835-3352,contact_337@company337.com,SAP_ECC,2026-02-09T23:34:48.676762
KNA000338,Customer_338,UK,Toronto,10205,+1-829-461-4941,contact_338@company338.com,SAP_ECC,2026-02-09T23:34:48.676765
KNA000339,Customer_339,CA,Toronto,34551,+1-880-784-2402,contact_339@company339.com,SAP_ECC,2026-02-09T23:34:48.676769
KNA000340,Customer_340,IN,Mumbai,18870,+1-738-657-9312,contact_340@company340.com,SAP_ECC,2026-02-09T23:34:48.676775
KNA000341,Acme Corp Variant 340,BR,Tokyo,82633,+1-220-499-8702,contact_341@company341.com,SAP_ECC,2026-02-09T23:34:48.676779
KNA000342,Customer_342,US,Toronto,58929,+1-459-865-1266,contact_342@company342.com,SAP_ECC,2026-02-09T23:34:48.676782
KNA000343,Customer_343,UK,San Francisco,55193,+1-446-850-2698,contact_343@company343.com,SAP_ECC,2026-02-09T23:34:48.676786
KNA000344,Customer_344,BR,Singapore,53583,+1-336-145-6772,contact_344@company344.com,SAP_ECC,2026-02-09T23:34:48.676789
KNA000345,Customer_345,IN,Mumbai,94252,+1-379-950-8612,contact_345@company345.com,SAP_ECC,2026-02-09T23:34:48.676795
KNA000346,Customer_346,JP,Sydney,92802,+1-386-930-3209,contact_346@company346.com,SAP_ECC,2026-02-09T23:34:48.676799
KNA000347,Customer_347,US,Sydney,14847,+1-500-306-1717,contact_347@company347.com,SAP_ECC,2026-02-09T23:34:48.676802
KNA000348,Customer_348,BR,Berlin,15492,+1-523-417-9444,contact_348@company348.com,SAP_ECC,2026-02-09T23:34:48.676806
KNA000349,Customer_349,DE,Tokyo,72049,+1-459-137-4131,contact_349@company349.com,SAP_ECC,2026-02-09T23:34:48.676809
KNA000350,Customer_350,UK,Mumbai,16265,+1-871-439-5476,contact_350@company350.com,SAP_ECC,2026-02-09T23:34:48.676813
KNA000351,Acme Corp Variant 350,US,Mumbai,67272,+1-609-861-8204,contact_351@company351.com,SAP_ECC,2026-02-09T23:34:48.676817
KNA000352,Customer_352,DE,Mumbai,34486,+1-708-808-9151,contact_352@company352.com,SAP_ECC,2026-02-09T23:34:48.676822
KNA000353,Customer_353,UK,Tokyo,44959,+1-284-844-7955,contact_353@company353.com,SAP_ECC,2026-02-09T23:34:48.676826
KNA000354,Customer_354,US,Toronto,88964,+1-384-658-5813,contact_354@company354.com,SAP_ECC,2026-02-09T23:34:48.676830
KNA000355,Customer_355,UK,San Francisco,20494,+1-535-776-5843,contact_355@company355.com,SAP_ECC,2026-02-09T23:34:48.676833
KNA000356,Customer_356,UK,Sydney,88986,+1-934-536-3730,contact_356@company356.com,SAP_ECC,2026-02-09T23:34:48.676839
KNA000357,Customer_357,JP,Sydney,56077,+1-657-143-6776,contact_357@company357.com,SAP_ECC,2026-02-09T23:34:48.676844
KNA000358,Customer_358,CA,Toronto,45986,+1-854-910-1939,contact_358@company358.com,SAP_ECC,2026-02-09T23:34:48.676848
KNA000359,Customer_359,US,Toronto,57619,+1-725-920-3621,contact_359@company359.com,SAP_ECC,2026-02-09T23:34:48.676852
KNA000360,Customer_360,US,London,89635,+1-894-900-8179,contact_360@company360.com,SAP_ECC,2026-02-09T23:34:48.676855
KNA000361,Acme Corp Variant 360,US,London,18812,+1-441-897-7001,contact_361@company361.com,SAP_ECC,2026-02-09T23:34:48.676859
KNA000362,Customer_362,UK,Toronto,84349,+1-233-719-3513,contact_362@company362.com,SAP_ECC,2026-02-09T23:34:48.676862
KNA000363,Customer_363,AU,Sydney,58623,+1-580-554-2259,contact_363@company363.com,SAP_ECC,2026-02-09T23:34:48.676866
KNA000364,Customer_364,CA,London,79397,+1-575-507-6150,contact_364@company364.com,SAP_ECC,2026-02-09T23:34:48.676869
KNA000365,Customer_365,AU,Paris,42717,+1-316-126-4048,contact_365@company365.com,SAP_ECC,2026-02-09T23:34:48.676875
KNA000366,Customer_366,FR,Tokyo,60723,+1-775-220-5288,contact_366@company366.com,SAP_ECC,2026-02-09T23:34:48.676879
KNA000367,Customer_367,BR,Paris,68493,+1-419-726-5678,contact_367@company367.com,SAP_ECC,2026-02-09T23:34:48.676883
KNA000368,Customer_368,JP,Sydney,36237,+1-325-238-2213,contact_368@company368.com,SAP_ECC,2026-02-09T23:34:48.676888
KNA000369,Customer_369,FR,London,68341,+1-289-929-6236,contact_369@company369.com,SAP_ECC,2026-02-09T23:34:48.676894
KNA000370,Customer_370,AU,Mumbai,18511,+1-763-655-5757,contact_370@company370.com,SAP_ECC,2026-02-09T23:34:48.676899
KNA000371,Acme Corp Variant 370,UK,London,93584,+1-378-912-6922,contact_371@company371.com,SAP_ECC,2026-02-09T23:34:48.676905
KNA000372,Customer_372,IN,Berlin,25907,+1-405-911-3275,contact_372@company372.com,SAP_ECC,2026-02-09T23:34:48.676913
KNA000373,Customer_373,US,Sydney,13445,+1-569-667-7044,contact_373@company373.com,SAP_ECC,2026-02-09T23:34:48.676918
KNA000374,Customer_374,FR,Tokyo,27009,+1-826-188-2077,contact_374@company374.com,SAP_ECC,2026-02-09T23:34:48.676923
KNA000375,Customer_375,UK,Toronto,72739,+1-738-520-7708,contact_375@company375.com,SAP_ECC,2026-02-09T23:34:48.676927
KNA000376,Customer_376,SG,Singapore,19666,+1-328-424-2215,contact_376@company376.com,SAP_ECC,2026-02-09T23:34:48.676930
KNA000377,Customer_377,FR,Sydney,99143,+1-729-452-3102,contact_377@company377.com,SAP_ECC,2026-02-09T23:34:48.676934
KNA000378,Customer_378,SG,Tokyo,93859,+1-801-286-3114,contact_378@company378.com,SAP_ECC,2026-02-09T23:34:48.676937
KNA000379,Customer_379,DE,Tokyo,17263,+1-327-630-3507,contact_379@company379.com,SAP_ECC,2026-02-09T23:34:48.676941
KNA000380,Customer_380,UK,London,31229,+1-530-826-4694,contact_380@company380.com,SAP_ECC,2026-02-09T23:34:48.676945
KNA000381,Acme Corp Variant 380,UK,Tokyo,47230,+1-280-356-4216,contact_381@company381.com,SAP_ECC,2026-02-09T23:34:48.676948
KNA000382,Customer_382,AU,Tokyo,45972,+1-328-740-5961,contact_382@company382.com,SAP_ECC,2026-02-09T23:34:48.676952
KNA000383,Customer_383,CA,Tokyo,22245,+1-714-756-3762,contact_383@company383.com,SAP_ECC,2026-02-09T23:34:48.676957
KNA000384,Customer_384,CA,Singapore,30210,+1-375-774-6531,contact_384@company384.com,SAP_ECC,2026-02-09T23:34:48.676963
KNA000385,Customer_385,SG,Singapore,15399,+1-229-183-1744,contact_385@company385.com,SAP_ECC,2026-02-09T23:34:48.676967
KNA000386,Customer_386,AU,Singapore,44688,+1-866-315-7825,contact_386@company386.com,SAP_ECC,2026-02-09T23:34:48.676971
KNA000387,Customer_387,CA,New York,75278,+1-842-658-5745,contact_387@company387.com,SAP_ECC,2026-02-09T23:34:48.676974
KNA000388,Customer_388,AU,Paris,73300,+1-450-924-7653,contact_388@company388.com,SAP_ECC,2026-02-09T23:34:48.676981
KNA000389,Customer_389,UK,Sydney,19564,+1-905-161-3589,contact_389@company389.com,SAP_ECC,2026-02-09T23:34:48.676986
KNA000390,Customer_390,FR,Toronto,73471,+1-675-308-6573,contact_390@company390.com,SAP_ECC,2026-02-09T23:34:48.676994
KNA000391,Acme Corp Variant 390,CA,London,50970,+1-935-426-6658,contact_391@company391.com,SAP_ECC,2026-02-09T23:34:48.677000
KNA000392,Customer_392,DE,London,58567,+1-727-675-2739,contact_392@company392.com,SAP_ECC,2026-02-09T23:34:48.677006
KNA000393,Customer_393,UK,Berlin,71141,+1-325-373-8366,contact_393@company393.com,SAP_ECC,2026-02-09T23:34:48.677012
KNA000394,Customer_394,US,London,22689,+1-251-397-7293,contact_394@company394.com,SAP_ECC,2026-02-09T23:34:48.677017
KNA000395,Customer_395,SG,Singapore,64805,+1-454-986-3616,contact_395@company395.com,SAP_ECC,2026-02-09T23:34:48.677023
KNA000396,Customer_396,SG,Mumbai,85718,+1-938-420-4110,contact_396@company396.com,SAP_ECC,2026-02-09T23:34:48.677028
KNA000397,Customer_397,BR,London,75308,+1-727-578-9171,contact_397@company397.com,SAP_ECC,2026-02-09T23:34:48.677032
KNA000398,Customer_398,UK,Sydney,13037,+1-292-502-9281,contact_398@company398.com,SAP_ECC,2026-02-09T23:34:48.677036
KNA000399,Customer_399,FR,Berlin,38199,+1-797-461-1797,contact_399@company399.com,SAP_ECC,2026-02-09T23:34:48.677039
KNA000400,Customer_400,US,Paris,74866,+1-811-963-8710,contact_400@company400.com,SAP_ECC,2026-02-09T23:34:48.677043
KNA000401,Acme Corp Variant 400,UK,Tokyo,11071,+1-310-541-3194,contact_401@company401.com,SAP_ECC,2026-02-09T23:34:48.677046
KNA000402,Customer_402,UK,Mumbai,62855,+1-574-146-7563,contact_402@company402.com,SAP_ECC,2026-02-09T23:34:48.677050
KNA000403,Customer_403,US,Singapore,83638,+1-399-471-5728,contact_403@company403.com,SAP_ECC,2026-02-09T23:34:48.677054
KNA000404,Customer_404,US,Toronto,76093,+1-661-882-5582,contact_404@company404.com,SAP_ECC,2026-02-09T23:34:48.677062
KNA000405,Customer_405,SG,Singapore,99181,+1-825-221-3108,contact_405@company405.com,SAP_ECC,2026-02-09T23:34:48.677065
KNA000406,Customer_406,US,Toronto,58915,+1-547-671-6990,contact_406@company406.com,SAP_ECC,2026-02-09T23:34:48.677074
KNA000407,Customer_407,BR,London,36090,+1-816-621-7576,contact_407@company407.com,SAP_ECC,2026-02-09T23:34:48.677077
KNA000408,Customer_408,IN,New York,15938,+1-239-240-6456,contact_408@company408.com,SAP_ECC,2026-02-09T23:34:48.677082
KNA000409,Customer_409,BR,Sydney,78069,+1-667-252-9446,contact_409@company409.com,SAP_ECC,2026-02-09T23:34:48.677086
KNA000410,Customer_410,US,Mumbai,90356,+1-526-266-7438,contact_410@company410.com,SAP_ECC,2026-02-09T23:34:48.677090
KNA000411,Acme Corp Variant 410,CA,Paris,87820,+1-544-619-9351,contact_411@company411.com,SAP_ECC,2026-02-09T23:34:48.677093
KNA000412,Customer_412,IN,Sydney,83783,+1-506-586-1272,contact_412@company412.com,SAP_ECC,2026-02-09T23:34:48.677097
KNA000413,Customer_413,UK,Mumbai,98317,+1-312-526-6040,contact_413@company413.com,SAP_ECC,2026-02-09T23:34:48.677100
KNA000414,Customer_414,BR,New York,88238,+1-685-371-4728,contact_414@company414.com,SAP_ECC,2026-02-09T23:34:48.677104
KNA000415,Customer_415,JP,New York,86483,+1-691-274-9589,contact_415@company415.com,SAP_ECC,2026-02-09T23:34:48.677108
KNA000416,Customer_416,AU,Singapore,59832,+1-351-941-4968,contact_416@company416.com,SAP_ECC,2026-02-09T23:34:48.677111
KNA000417,Customer_417,US,Singapore,24404,+1-395-119-8225,contact_417@company417.com,SAP_ECC,2026-02-09T23:34:48.677115
KNA000418,Customer_418,UK,Toronto,29848,+1-622-807-4340,contact_418@company418.com,SAP_ECC,2026-02-09T23:34:48.677118
KNA000419,Customer_419,DE,Tokyo,90147,+1-682-993-2020,contact_419@company419.com,SAP_ECC,2026-02-09T23:34:48.677122
KNA000420,Customer_420,JP,London,77984,+1-412-674-6325,contact_420@company420.com,SAP_ECC,2026-02-09T23:34:48.677127
KNA000421,Acme Corp Variant 420,AU,Sydney,78875,+1-585-421-3837,contact_421@company421.com,SAP_ECC,2026-02-09T23:34:48.677131
KNA000422,Customer_422,FR,Tokyo,54869,+1-759-462-5331,contact_422@company422.com,SAP_ECC,2026-02-09T23:34:48.677135
KNA000423,Customer_423,CA,Sydney,35200,+1-452-385-5890,contact_423@company423.com,SAP_ECC,2026-02-09T23:34:48.677140
KNA000424,Customer_424,US,Paris,47880,+1-921-312-9011,contact_424@company424.com,SAP_ECC,2026-02-09T23:34:48.677241
KNA000425,Customer_425,UK,Sydney,55718,+1-773-914-5480,contact_425@company425.com,SAP_ECC,2026-02-09T23:34:48.677248
KNA000426,Customer_426,UK,San Francisco,85166,+1-892-656-7220,contact_426@company426.com,SAP_ECC,2026-02-09T23:34:48.677253
KNA000427,Customer_427,DE,Mumbai,29198,+1-497-143-5712,contact_427@company427.com,SAP_ECC,2026-02-09T23:34:48.677259
KNA000428,Customer_428,JP,San Francisco,55398,+1-652-771-5201,contact_428@company428.com,SAP_ECC,2026-02-09T23:34:48.677264
KNA000429,Customer_429,JP,Sydney,38047,+1-406-947-9824,contact_429@company429.com,SAP_ECC,2026-02-09T23:34:48.677267
KNA000430,Customer_430,UK,Tokyo,45601,+1-340-211-4920,contact_430@company430.com,SAP_ECC,2026-02-09T23:34:48.677271
KNA000431,Acme Corp Variant 430,US,New York,97796,+1-743-331-4814,contact_431@company431.com,SAP_ECC,2026-02-09T23:34:48.677275
KNA000432,Customer_432,US,San Francisco,64172,+1-538-834-8739,contact_432@company432.com,SAP_ECC,2026-02-09T23:34:48.677278
KNA000433,Customer_433,US,London,10679,+1-763-261-7666,contact_433@company433.com,SAP_ECC,2026-02-09T23:34:48.677282
KNA000434,Customer_434,AU,Sydney,72580,+1-866-304-5706,contact_434@company434.com,SAP_ECC,2026-02-09T23:34:48.677289
KNA000435,Customer_435,UK,Paris,94659,+1-260-887-2465,contact_435@company435.com,SAP_ECC,2026-02-09T23:34:48.677293
KNA000436,Customer_436,AU,Singapore,40437,+1-747-856-1611,contact_436@company436.com,SAP_ECC,2026-02-09T23:34:48.677298
KNA000437,Customer_437,US,Toronto,33040,+1-237-956-7504,contact_437@company437.com,SAP_ECC,2026-02-09T23:34:48.677302
KNA000438,Customer_438,BR,Sydney,34420,+1-966-993-5742,contact_438@company438.com,SAP_ECC,2026-02-09T23:34:48.677305
KNA000439,Customer_439,US,New York,49110,+1-781-717-2758,contact_439@company439.com,SAP_ECC,2026-02-09T23:34:48.677309
KNA000440,Customer_440,UK,Paris,69552,+1-856-656-9590,contact_440@company440.com,SAP_ECC,2026-02-09T23:34:48.677312
KNA000441,Acme Corp Variant 440,FR,London,76088,+1-679-379-4159,contact_441@company441.com,SAP_ECC,2026-02-09T23:34:48.677316
KNA000442,Customer_442,BR,San Francisco,53343,+1-366-848-8518,contact_442@company442.com,SAP_ECC,2026-02-09T23:34:48.677319
KNA000443,Customer_443,AU,Paris,34405,+1-214-854-6523,contact_443@company443.com,SAP_ECC,2026-02-09T23:34:48.677325
KNA000444,Customer_444,BR,Paris,84420,+1-890-875-4164,contact_444@company444.com,SAP_ECC,2026-02-09T23:34:48.677328
KNA000445,Customer_445,US,Singapore,93719,+1-615-946-8007,contact_445@company445.com,SAP_ECC,2026-02-09T23:34:48.677332
KNA000446,Customer_446,IN,Mumbai,21368,+1-610-785-2562,contact_446@company446.com,SAP_ECC,2026-02-09T23:34:48.677336
KNA000447,Customer_447,US,London,72580,+1-531-354-1111,contact_447@company447.com,SAP_ECC,2026-02-09T23:34:48.677339
KNA000448,Customer_448,UK,Toronto,40870,+1-657-871-5374,contact_448@company448.com,SAP_ECC,2026-02-09T23:34:48.677342
KNA000449,Customer_449,UK,Paris,86344,+1-940-686-1187,contact_449@company449.com,SAP_ECC,2026-02-09T23:34:48.677346
KNA000450,Customer_450,UK,Mumbai,40972,+1-263-783-2936,contact_450@company450.com,SAP_ECC,2026-02-09T23:34:48.677350
KNA000451,Acme Corp Variant 450,FR,Paris,30934,+1-615-802-9233,contact_451@company451.com,SAP_ECC,2026-02-09T23:34:48.677353
KNA000452,Customer_452,JP,Paris,25389,+1-854-402-7021,contact_452@company452.com,SAP_ECC,2026-02-09T23:34:48.677359
KNA000453,Customer_453,CA,Berlin,38721,+1-336-589-3509,contact_453@company453.com,SAP_ECC,2026-02-09T23:34:48.677363
KNA000454,Customer_454,FR,Singapore,58971,+1-625-818-9998,contact_454@company454.com,SAP_ECC,2026-02-09T23:34:48.677367
KNA000455,Customer_455,FR,Tokyo,97044,+1-423-880-5054,contact_455@company455.com,SAP_ECC,2026-02-09T23:34:48.677370
KNA000456,Customer_456,AU,Singapore,20730,+1-738-557-9653,contact_456@company456.com,SAP_ECC,2026-02-09T23:34:48.677374
KNA000457,Customer_457,JP,Mumbai,20237,+1-777-214-2011,contact_457@company457.com,SAP_ECC,2026-02-09T23:34:48.677377
KNA000458,Customer_458,SG,Tokyo,76255,+1-407-686-9792,contact_458@company458.com,SAP_ECC,2026-02-09T23:34:48.677382
KNA000459,Customer_459,US,London,53007,+1-732-552-2904,contact_459@company459.com,SAP_ECC,2026-02-09T23:34:48.677387
KNA000460,Customer_460,AU,Berlin,86434,+1-700-193-9361,contact_460@company460.com,SAP_ECC,2026-02-09T23:34:48.677391
KNA000461,Acme Corp Variant 460,FR,New York,69432,+1-335-625-7806,contact_461@company461.com,SAP_ECC,2026-02-09T23:34:48.677394
KNA000462,Customer_462,FR,Singapore,17567,+1-772-573-6049,contact_462@company462.com,SAP_ECC,2026-02-09T23:34:48.677400
KNA000463,Customer_463,JP,New York,61897,+1-460-936-1049,contact_463@company463.com,SAP_ECC,2026-02-09T23:34:48.677403
KNA000464,Customer_464,JP,Berlin,85800,+1-274-146-7941,contact_464@company464.com,SAP_ECC,2026-02-09T23:34:48.677407
KNA000465,Customer_465,UK,San Francisco,80931,+1-261-170-8734,contact_465@company465.com,SAP_ECC,2026-02-09T23:34:48.677411
KNA000466,Customer_466,US,Paris,63591,+1-384-887-3218,contact_466@company466.com,SAP_ECC,2026-02-09T23:34:48.677414
KNA000467,Customer_467,BR,Toronto,59081,+1-591-559-7184,contact_467@company467.com,SAP_ECC,2026-02-09T23:34:48.677418
KNA000468,Customer_468,DE,San Francisco,99486,+1-877-995-9835,contact_468@company468.com,SAP_ECC,2026-02-09T23:34:48.677424
KNA000469,Customer_469,US,Mumbai,25549,+1-382-650-7439,contact_469@company469.com,SAP_ECC,2026-02-09T23:34:48.677428
KNA000470,Customer_470,IN,London,39188,+1-203-874-1372,contact_470@company470.com,SAP_ECC,2026-02-09T23:34:48.677431
KNA000471,Acme Corp Variant 470,UK,Sydney,98276,+1-936-657-7948,contact_471@company471.com,SAP_ECC,2026-02-09T23:34:48.677435
KNA000472,Customer_472,IN,Toronto,40102,+1-453-571-6671,contact_472@company472.com,SAP_ECC,2026-02-09T23:34:48.677438
KNA000473,Customer_473,US,Paris,34704,+1-942-883-2848,contact_473@company473.com,SAP_ECC,2026-02-09T23:34:48.677442
KNA000474,Customer_474,US,Toronto,90599,+1-984-116-4943,contact_474@company474.com,SAP_ECC,2026-02-09T23:34:48.677447
KNA000475,Customer_475,US,San Francisco,23224,+1-808-134-8314,contact_475@company475.com,SAP_ECC,2026-02-09T23:34:48.677451
KNA000476,Customer_476,CA,New York,42077,+1-958-145-7590,contact_476@company476.com,SAP_ECC,2026-02-09T23:34:48.677455
KNA000477,Customer_477,FR,Berlin,80747,+1-422-872-1924,contact_477@company477.com,SAP_ECC,2026-02-09T23:34:48.677459
KNA000478,Customer_478,US,Tokyo,47914,+1-439-935-6224,contact_478@company478.com,SAP_ECC,2026-02-09T23:34:48.677462
KNA000479,Customer_479,CA,Singapore,98150,+1-528-342-5944,contact_479@company479.com,SAP_ECC,2026-02-09T23:34:48.677466
KNA000480,Customer_480,US,Tokyo,38972,+1-623-407-5508,contact_480@company480.com,SAP_ECC,2026-02-09T23:34:48.677469
KNA000481,Acme Corp Variant 480,US,Tokyo,87550,+1-952-279-7999,contact_481@company481.com,SAP_ECC,2026-02-09T23:34:48.677473
KNA000482,Customer_482,IN,Sydney,16145,+1-552-758-7244,contact_482@company482.com,SAP_ECC,2026-02-09T23:34:48.677479
KNA000483,Customer_483,BR,Tokyo,51777,+1-913-526-7688,contact_483@company483.com,SAP_ECC,2026-02-09T23:34:48.677482
KNA000484,Customer_484,US,Paris,59343,+1-388-872-9813,contact_484@company484.com,SAP_ECC,2026-02-09T23:34:48.677488
KNA000485,Customer_485,FR,Berlin,39536,+1-507-978-3365,contact_485@company485.com,SAP_ECC,2026-02-09T23:34:48.677495
KNA000486,Customer_486,BR,Sydney,17552,+1-775-522-7824,contact_486@company486.com,SAP_ECC,2026-02-09T23:34:48.677499
KNA000487,Customer_487,IN,Tokyo,27575,+1-597-348-5177,contact_487@company487.com,SAP_ECC,2026-02-09T23:34:48.677503
KNA000488,Customer_488,US,Mumbai,94765,+1-280-560-7079,contact_488@company488.com,SAP_ECC,2026-02-09T23:34:48.677506
KNA000489,Customer_489,US,Tokyo,34966,+1-252-374-7179,contact_489@company489.com,SAP_ECC,2026-02-09T23:34:48.677510
KNA000490,Customer_490,AU,Singapore,89026,+1-240-994-2192,contact_490@company490.com,SAP_ECC,2026-02-09T23:34:48.677513
KNA000491,Acme Corp Variant 490,US,Singapore,98008,+1-772-322-8854,contact_491@company491.com,SAP_ECC,2026-02-09T23:34:48.677517
KNA000492,Customer_492,US,Mumbai,49739,+1-215-316-4113,contact_492@company492.com,SAP_ECC,2026-02-09T23:34:48.677521
KNA000493,Customer_493,JP,San Francisco,72773,+1-448-812-4350,contact_493@company493.com,SAP_ECC,2026-02-09T23:34:48.677524
KNA000494,Customer_494,DE,Berlin,82362,+1-529-894-5637,contact_494@company494.com,SAP_ECC,2026-02-09T23:34:48.677528
KNA000495,Customer_495,DE,Sydney,79946,+1-864-467-6053,contact_495@company495.com,SAP_ECC,2026-02-09T23:34:48.677532
KNA000496,Customer_496,UK,Mumbai,77215,+1-709-577-2615,contact_496@company496.com,SAP_ECC,2026-02-09T23:34:48.677536
KNA000497,Customer_497,BR,Sydney,51973,+1-408-479-6126,contact_497@company497.com,SAP_ECC,2026-02-09T23:34:48.677540
KNA000498,Customer_498,DE,New York,83731,+1-426-859-3390,contact_498@company498.com,SAP_ECC,2026-02-09T23:34:48.677543
KNA000499,Customer_499,US,Paris,82523,+1-798-693-7841,contact_499@company499.com,SAP_ECC,2026-02-09T23:34:48.677547
KNA000500,Customer_500,UK,London,35715,+1-537-335-7223,contact_500@company500.com,SAP_ECC,2026-02-09T23:34:48.677552
