Id,Name,BillingCountry,BillingCity,Phone,Website,Industry,AnnualRevenue,NumberOfEmployees,_source_system,_ingestion_ts
001f710c186-cdd,Customer_1,CA,Berlin,+1-711-663-6530,https://company1.com,Manufacturing,38191695.22,32032,SALESFORCE,2026-02-09T23:34:48.677657
0014a731a17-c0a,Customer_2,JP,Sydney,+1-671-272-6770,https://company2.com,Finance,7083930.58,35828,SALESFORCE,2026-02-09T23:34:48.677700
0017c078b73-b1a,Customer_3,FR,London,+1-755-757-1962,https://company3.com,Technology,41969517.83,4881,SALESFORCE,2026-02-09T23:34:48.677716
0018823d2ce-d14,Customer_4,SG,New York,+1-982-106-7756,https://company4.com,Finance,42142981.37,15177,SALESFORCE,2026-02-09T23:34:48.677730
0017d24bbc0-4cb,Customer_5,US,London,+1-209-323-9285,https://company5.com,Education,18722714.57,40500,SALESFORCE,2026-02-09T23:34:48.677759
00131057ad8-4aa,Customer_6,AU,Singapore,+1-694-775-8993,https://company6.com,Technology,429956.61,36162,SALESFORCE,2026-02-09T23:34:48.677775
001468cc9b8-af1,Customer_7,DE,New York,+1-217-642-5501,https://company7.com,Manufacturing,955415.62,45744,SALESFORCE,2026-02-09T23:34:48.677786
001e0142f1d-1b0,Customer_8,AU,Toronto,+1-383-209-2578,https://company8.com,Finance,12124344.73,40627,SALESFORCE,2026-02-09T23:34:48.677799
001f670fa76-95b,Customer_9,IN,Paris,+1-562-373-7502,https://company9.com,Healthcare,18715274.01,26619,SALESFORCE,2026-02-09T23:34:48.677810
00178e77bc6-3dd,Customer_10,FR,Singapore,+1-449-813-4700,https://company10.com,Manufacturing,34233677.11,5293,SALESFORCE,2026-02-09T23:34:48.677823
001ef0501aa-cb9,Customer_11,AU,New York,+1-295-515-7213,https://company11.com,Energy,27679801.83,3687,SALESFORCE,2026-02-09T23:34:48.677834
001e54beb93-324,Customer_12,AU,New York,+1-919-275-2354,https://company12.com,Education,42281956.75,42274,SALESFORCE,2026-02-09T23:34:48.677851
001c496fa90-33c,Customer_13,BR,Mumbai,+1-779-978-2562,https://company13.com,Technology,11565348.21,45379,SALESFORCE,2026-02-09T23:34:48.677868
001e066a7d3-355,Customer_14,CA,Sydney,+1-477-147-2218,https://company14.com,Manufacturing,44975651.38,36940,SALESFORCE,2026-02-09T23:34:48.677879
0017411291c-801,Customer_15,AU,New York,+1-383-970-6152,https://company15.com,Technology,48077312.57,38481,SALESFORCE,2026-02-09T23:34:48.677890
001b731a11a-64a,Customer_16,US,Toronto,+1-278-406-3661,https://company16.com,Retail,28378126.4,25513,SALESFORCE,2026-02-09T23:34:48.677902
001c331f24f-e16,Customer_17,AU,Tokyo,+1-539-493-3292,https://company17.com,Healthcare,25089563.3,22676,SALESFORCE,2026-02-09T23:34:48.677913
001aaf0981c-c45,Customer_18,US,San Francisco,+1-647-337-2245,https://company18.com,Media,30297920.29,40240,SALESFORCE,2026-02-09T23:34:48.677924
0016f7563a1-a78,Customer_19,CA,Toronto,+1-992-434-1485,https://company19.com,Manufacturing,39199052.14,29537,SALESFORCE,2026-02-09T23:34:48.677938
0015c7eb2ca-b6c,Customer_20,FR,Berlin,+1-564-666-7150,https://company20.com,Energy,9368318.51,38405,SALESFORCE,2026-02-09T23:34:48.677949
0017aff28ac-aa5,Customer_21,AU,Toronto,+1-287-890-5839,https://company21.com,Retail,35684115.78,5386,SALESFORCE,2026-02-09T23:34:48.677959
001a0b54297-135,Customer_22,UK,London,+1-589-828-3527,https://company22.com,Energy,15902243.61,6992,SALESFORCE,2026-02-09T23:34:48.677976
001bc2f437a-9d7,Customer_23,US,New York,+1-515-555-6896,https://company23.com,Manufacturing,5201347.56,5731,SALESFORCE,2026-02-09T23:34:48.677990
001704c24ab-cf4,Customer_24,US,Toronto,+1-659-670-9395,https://company24.com,Energy,5254317.07,5883,SALESFORCE,2026-02-09T23:34:48.678003
001c9d51756-5ac,Customer_25,UK,Tokyo,+1-295-711-6315,https://company25.com,Energy,715796.68,27129,SALESFORCE,2026-02-09T23:34:48.678016
0013ab291b8-af0,Customer_26,DE,San Francisco,+1-942-672-4977,https://company26.com,Finance,34297267.99,11118,SALESFORCE,2026-02-09T23:34:48.678029
001e51b7042-f87,Customer_27,US,Paris,+1-508-374-9079,https://company27.com,Finance,3257030.8,28496,SALESFORCE,2026-02-09T23:34:48.678040
001caf052fb-075,Customer_28,UK,Toronto,+1-506-595-2260,https://company28.com,Media,12659816.92,16170,SALESFORCE,2026-02-09T23:34:48.678050
0013efd3041-1f4,Customer_29,JP,Sydney,+1-808-731-4203,https://company29.com,Education,5437921.14,19976,SALESFORCE,2026-02-09T23:34:48.678061
0017d35c9a4-528,Customer_30,US,Toronto,+1-540-961-7224,https://company30.com,Media,22067123.78,28230,SALESFORCE,2026-02-09T23:34:48.678073
0015e819c65-e77,Customer_31,SG,Singapore,+1-339-407-6253,https://company31.com,Retail,24002586.15,11651,SALESFORCE,2026-02-09T23:34:48.678084
0019f6499ee-1a8,Customer_32,DE,Mumbai,+1-498-852-9044,https://company32.com,Retail,16361723.25,18379,SALESFORCE,2026-02-09T23:34:48.678098
001cb9e2126-9fd,Customer_33,SG,Toronto,+1-573-216-4273,https://company33.com,Finance,34117460.39,36061,SALESFORCE,2026-02-09T23:34:48.678109
0017e8354ab-3ba,Customer_34,US,Sydney,+1-925-314-8183,https://company34.com,Manufacturing,41580962.25,4542,SALESFORCE,2026-02-09T23:34:48.678125
001ea0ba94f-7b9,Customer_35,SG,Toronto,+1-889-611-3280,https://company35.com,Manufacturing,12176856.27,43176,SALESFORCE,2026-02-09T23:34:48.678137
001448c7024-c69,Customer_36,US,Toronto,+1-586-175-8357,https://company36.com,Education,29153976.56,35030,SALESFORCE,2026-02-09T23:34:48.678147
00182407ad7-d67,Customer_37,IN,Toronto,+1-756-137-6890,https://company37.com,Healthcare,5557534.32,16278,SALESFORCE,2026-02-09T23:34:48.678159
001353933ee-5b4,Customer_38,AU,Mumbai,+1-370-762-1725,https://company38.com,Energy,48343875.57,21741,SALESFORCE,2026-02-09T23:34:48.678173
001125df822-09d,Customer_39,BR,Toronto,+1-308-110-2615,https://company39.com,Manufacturing,11177853.87,48955,SALESFORCE,2026-02-09T23:34:48.678185
0016949a312-b35,Customer_40,IN,Tokyo,+1-794-804-4621,https://company40.com,Education,18768566.43,30357,SALESFORCE,2026-02-09T23:34:48.678196
001b7edd135-e4d,Customer_41,BR,Singapore,+1-907-612-3469,https://company41.com,Media,49885366.0,31648,SALESFORCE,2026-02-09T23:34:48.678207
001e4b7431c-014,Customer_42,US,Paris,+1-625-187-2901,https://company42.com,Finance,17481599.75,22493,SALESFORCE,2026-02-09T23:34:48.678241
001d18335bf-5b0,Customer_43,FR,Berlin,+1-733-594-6706,https://company43.com,Education,4971389.25,47326,SALESFORCE,2026-02-09T23:34:48.678285
001bdb4f16b-282,Customer_44,JP,Sydney,+1-526-168-5919,https://company44.com,Technology,40528278.25,7552,SALESFORCE,2026-02-09T23:34:48.678296
001356733da-96d,Customer_45,US,Mumbai,+1-863-211-3692,https://company45.com,Retail,25848095.7,36179,SALESFORCE,2026-02-09T23:34:48.678306
001f6593036-3cb,Customer_46,US,Mumbai,+1-773-536-8570,https://company46.com,Retail,39908013.84,41281,SALESFORCE,2026-02-09T23:34:48.678316
0014cfc9ccb-18b,Customer_47,US,London,+1-855-773-8080,https://company47.com,Energy,1556694.49,40256,SALESFORCE,2026-02-09T23:34:48.678327
0013987ee26-ff2,Customer_48,US,Sydney,+1-806-539-7370,https://company48.com,Technology,35266307.24,13496,SALESFORCE,2026-02-09T23:34:48.678338
001428839a6-f24,Customer_49,UK,San Francisco,+1-791-204-9796,https://company49.com,Finance,18353072.17,12925,SALESFORCE,2026-02-09T23:34:48.678351
001d5868d35-624,Customer_50,FR,San Francisco,+1-468-786-9019,https://company50.com,Media,29888844.38,40072,SALESFORCE,2026-02-09T23:34:48.678365
001bc698683-13a,Customer_51,DE,Singapore,+1-316-456-6766,https://company51.com,Education,30906397.7,44154,SALESFORCE,2026-02-09T23:34:48.678384
001e6172b05-64c,Customer_52,JP,Paris,+1-829-704-2388,https://company52.com,Finance,15727968.67,15645,SALESFORCE,2026-02-09T23:34:48.678402
001367a4483-aa7,Customer_53,UK,San Francisco,+1-387-482-3316,https://company53.com,Energy,20970131.4,9045,SALESFORCE,2026-02-09T23:34:48.678416
001200ee5f6-d98,Customer_54,CA,Toronto,+1-633-290-8973,https://company54.com,Finance,27790137.53,32099,SALESFORCE,2026-02-09T23:34:48.678432
0018ad0c605-c20,Customer_55,UK,London,+1-391-422-8389,https://company55.com,Technology,43289559.32,638,SALESFORCE,2026-02-09T23:34:48.678445
0017bf0df20-b11,Customer_56,FR,London,+1-399-934-7290,https://company56.com,Education,20515803.98,32235,SALESFORCE,2026-02-09T23:34:48.678458
00130707daf-fd8,Customer_57,DE,Sydney,+1-700-271-2354,https://company57.com,Technology,39814456.39,14462,SALESFORCE,2026-02-09T23:34:48.678469
0013e3133c8-8da,Customer_58,UK,New York,+1-481-330-9808,https://company58.com,Manufacturing,8493627.97,29981,SALESFORCE,2026-02-09T23:34:48.678480
001687db61e-874,Customer_59,CA,Sydney,+1-762-623-2854,https://company59.com,Healthcare,13467656.58,35603,SALESFORCE,2026-02-09T23:34:48.678491
00155650993-722,Customer_60,SG,Mumbai,+1-755-942-1681,https://company60.com,Education,27363028.41,27872,SALESFORCE,2026-02-09T23:34:48.678502
001269b41c6-8fd,Customer_61,US,Berlin,+1-504-995-1528,https://company61.com,Education,13214479.71,5710,SALESFORCE,2026-02-09T23:34:48.678513
001e746bd0d-ab9,Customer_62,FR,San Francisco,+1-994-931-4882,https://company62.com,Retail,40554065.57,38540,SALESFORCE,2026-02-09T23:34:48.678527
0013eaa8b9e-844,Customer_63,JP,Mumbai,+1-927-724-8015,https://company63.com,Finance,30845944.87,13551,SALESFORCE,2026-02-09T23:34:48.678539
0014c545ac1-fe6,Customer_64,SG,Berlin,+1-260-683-6747,https://company64.com,Manufacturing,29883198.53,11044,SALESFORCE,2026-02-09T23:34:48.678552
001948b5e76-5bf,Customer_65,UK,Paris,+1-496-686-5380,https://company65.com,Healthcare,6865886.43,49168,SALESFORCE,2026-02-09T23:34:48.678563
001862a58a0-8d8,Customer_66,BR,Toronto,+1-260-383-3078,https://company66.com,Finance,12558894.37,46631,SALESFORCE,2026-02-09T23:34:48.678584
0019fd7fc9d-992,Customer_67,UK,Berlin,+1-979-963-7434,https://company67.com,Education,7194364.49,41455,SALESFORCE,2026-02-09T23:34:48.678598
001b90dceae-09b,Customer_68,UK,Toronto,+1-584-562-2237,https://company68.com,Healthcare,20202253.59,49149,SALESFORCE,2026-02-09T23:34:48.678612
001524b1a32-3e3,Customer_69,UK,Mumbai,+1-665-599-6362,https://company69.com,Technology,43458497.37,48029,SALESFORCE,2026-02-09T23:34:48.678626
001092f92bc-d6a,Customer_70,US,Sydney,+1-850-780-6869,https://company70.com,Healthcare,39804328.54,26074,SALESFORCE,2026-02-09T23:34:48.678646
001f3ad6bc9-6bf,Customer_71,US,Toronto,+1-416-606-5399,https://company71.com,Media,41434346.49,22145,SALESFORCE,2026-02-09T23:34:48.678657
001b9bb4b0b-aae,Customer_72,IN,Singapore,+1-333-679-8951,https://company72.com,Media,44718317.44,49965,SALESFORCE,2026-02-09T23:34:48.678670
00106f8e6a0-571,Customer_73,US,New York,+1-301-741-8529,https://company73.com,Technology,6299435.24,10363,SALESFORCE,2026-02-09T23:34:48.678688
0010a3791a3-ce5,Customer_74,FR,Sydney,+1-200-538-4314,https://company74.com,Finance,44119173.43,19793,SALESFORCE,2026-02-09T23:34:48.678703
001edc9b1e1-258,Customer_75,US,Paris,+1-295-770-6905,https://company75.com,Manufacturing,4212784.48,43559,SALESFORCE,2026-02-09T23:34:48.678715
00125a2661b-e51,Customer_76,AU,London,+1-253-505-6005,https://company76.com,Retail,21518623.94,5986,SALESFORCE,2026-02-09T23:34:48.678731
00175e91729-950,Customer_77,JP,San Francisco,+1-201-318-8812,https://company77.com,Healthcare,6721719.62,14833,SALESFORCE,2026-02-09T23:34:48.678745
00138c68748-5df,Customer_78,IN,Sydney,+1-209-108-6629,https://company78.com,Healthcare,49408929.98,27686,SALESFORCE,2026-02-09T23:34:48.678759
0010a46c706-1f4,Customer_79,JP,London,+1-689-172-4751,https://company79.com,Energy,4557620.94,6722,SALESFORCE,2026-02-09T23:34:48.678770
00153ecc7ae-a23,Customer_80,US,Mumbai,+1-576-406-3246,https://company80.com,Energy,38695678.13,49368,SALESFORCE,2026-02-09T23:34:48.678781
0016be91cd7-b00,Customer_81,SG,London,+1-856-793-3340,https://company81.com,Healthcare,26572363.0,565,SALESFORCE,2026-02-09T23:34:48.678802
001d2bdc452-9ab,Customer_82,CA,London,+1-650-459-4490,https://company82.com,Finance,46002716.82,40385,SALESFORCE,2026-02-09T23:34:48.678819
001784b2aa7-3c5,Customer_83,AU,Sydney,+1-422-188-2646,https://company83.com,Finance,37647037.76,38648,SALESFORCE,2026-02-09T23:34:48.678832
0015b8b44d6-415,Customer_84,JP,Toronto,+1-559-539-6152,https://company84.com,Finance,12464540.11,42255,SALESFORCE,2026-02-09T23:34:48.678846
001ce9e0bc1-f9d,Customer_85,US,Berlin,+1-766-715-5668,https://company85.com,Technology,42409816.01,43159,SALESFORCE,2026-02-09T23:34:48.678859
0019f73be48-d52,Customer_86,UK,Berlin,+1-730-721-9348,https://company86.com,Retail,37417397.68,19378,SALESFORCE,2026-02-09T23:34:48.678872
001c4d589ca-6bc,Customer_87,AU,New York,+1-445-606-7322,https://company87.com,Healthcare,12129979.6,41827,SALESFORCE,2026-02-09T23:34:48.678890
001d5c77f13-147,Customer_88,CA,San Francisco,+1-740-112-6916,https://company88.com,Media,6685945.75,37259,SALESFORCE,2026-02-09T23:34:48.678901
001a94f84c0-083,Customer_89,DE,Mumbai,+1-759-799-3830,https://company89.com,Education,47727203.9,4793,SALESFORCE,2026-02-09T23:34:48.678913
0017ab448e5-d6b,Customer_90,US,Singapore,+1-269-114-5295,https://company90.com,Retail,2087360.41,3972,SALESFORCE,2026-02-09T23:34:48.678926
0019f8062a7-52f,Customer_91,BR,Toronto,+1-718-393-9209,https://company91.com,Energy,21236404.24,26373,SALESFORCE,2026-02-09T23:34:48.678937
00197984ca8-677,Customer_92,US,Tokyo,+1-750-730-3501,https://company92.com,Manufacturing,4271493.98,5188,SALESFORCE,2026-02-09T23:34:48.678950
001a0e2f9da-cad,Customer_93,IN,Berlin,+1-359-649-6353,https://company93.com,Energy,29363214.43,42597,SALESFORCE,2026-02-09T23:34:48.678960
001530ba97c-2b1,Customer_94,AU,San Francisco,+1-517-815-8167,https://company94.com,Retail,2989506.61,5660,SALESFORCE,2026-02-09T23:34:48.678971
0012ba8be57-b18,Customer_95,DE,San Francisco,+1-664-726-1901,https://company95.com,Manufacturing,33337370.99,43136,SALESFORCE,2026-02-09T23:34:48.678981
001d0c4b1d3-848,Customer_96,JP,London,+1-322-112-3248,https://company96.com,Technology,8275248.28,22731,SALESFORCE,2026-02-09T23:34:48.678992
0015fec6eba-dbe,Customer_97,IN,Tokyo,+1-938-365-3735,https://company97.com,Media,6433837.31,17623,SALESFORCE,2026-02-09T23:34:48.679002
00124336ed9-04b,Customer_98,JP,San Francisco,+1-989-130-6488,https://company98.com,Energy,13671831.69,4195,SALESFORCE,2026-02-09T23:34:48.679012
0013727b7ac-5b5,Customer_99,UK,Singapore,+1-842-178-9128,https://company99.com,Education,25588015.78,3643,SALESFORCE,2026-02-09T23:34:48.679023
001455c7081-c1d,Customer_100,FR,Singapore,+1-370-476-3577,https://company100.com,Manufacturing,38689114.77,37621,SALESFORCE,2026-02-09T23:34:48.679033
001fb4e7580-b97,Customer_101,AU,San Francisco,+1-433-858-9336,https://company101.com,Technology,2297491.57,815,SALESFORCE,2026-02-09T23:34:48.679045
001a24a5cfc-7f8,Customer_102,US,New York,+1-683-472-7274,https://company102.com,Finance,9030150.6,2327,SALESFORCE,2026-02-09T23:34:48.679065
0013a68ee2d-ba2,Customer_103,IN,Toronto,+1-429-429-5067,https://company103.com,Energy,45801152.77,20977,SALESFORCE,2026-02-09T23:34:48.679081
001ac9807ad-76a,Customer_104,UK,San Francisco,+1-785-481-2956,https://company104.com,Technology,9049283.08,33811,SALESFORCE,2026-02-09T23:34:48.679094
001ffa1ce05-f19,Customer_105,US,Toronto,+1-270-998-8620,https://company105.com,Manufacturing,38699021.23,20371,SALESFORCE,2026-02-09T23:34:48.679106
0017d7911d4-c74,Customer_106,UK,San Francisco,+1-766-567-1130,https://company106.com,Media,10113490.56,36959,SALESFORCE,2026-02-09T23:34:48.679121
001962c388f-71e,Customer_107,BR,Paris,+1-957-737-4974,https://company107.com,Education,18476854.02,32342,SALESFORCE,2026-02-09T23:34:48.679134
001cf746b92-210,Customer_108,BR,Berlin,+1-950-659-5016,https://company108.com,Finance,418256.35,26882,SALESFORCE,2026-02-09T23:34:48.679147
001b86deb60-d30,Customer_109,US,Berlin,+1-754-454-1157,https://company109.com,Media,172955.82,43087,SALESFORCE,2026-02-09T23:34:48.679160
001261505b6-171,Customer_110,DE,Paris,+1-306-310-9680,https://company110.com,Retail,21048810.52,3935,SALESFORCE,2026-02-09T23:34:48.679174
001ed42b8d4-002,Customer_111,US,Paris,+1-295-144-4792,https://company111.com,Energy,35072260.79,24421,SALESFORCE,2026-02-09T23:34:48.679187
001ea2874ce-baa,Customer_112,FR,San Francisco,+1-794-197-9280,https://company112.com,Finance,31897062.43,25854,SALESFORCE,2026-02-09T23:34:48.679205
001463ccd34-584,Customer_113,US,Singapore,+1-781-163-8126,https://company113.com,Finance,11914909.56,17114,SALESFORCE,2026-02-09T23:34:48.679228
0010a9383ab-a91,Customer_114,SG,Mumbai,+1-602-817-6345,https://company114.com,Media,22692616.83,15319,SALESFORCE,2026-02-09T23:34:48.679256
001bc356267-536,Customer_115,US,Berlin,+1-339-898-2785,https://company115.com,Finance,5372321.73,29472,SALESFORCE,2026-02-09T23:34:48.679273
0016cb44549-598,Customer_116,FR,Mumbai,+1-616-223-9780,https://company116.com,Media,48235272.64,13617,SALESFORCE,2026-02-09T23:34:48.679286
001fc082bc8-bd2,Customer_117,FR,Paris,+1-674-371-2964,https://company117.com,Healthcare,7965007.32,44971,SALESFORCE,2026-02-09T23:34:48.679299
001d21b609a-fb5,Customer_118,UK,Singapore,+1-241-320-6370,https://company118.com,Finance,4651523.9,16277,SALESFORCE,2026-02-09T23:34:48.679313
0014349e9f1-e81,Customer_119,UK,Toronto,+1-725-150-5896,https://company119.com,Manufacturing,41022471.83,11404,SALESFORCE,2026-02-09T23:34:48.679326
00148ab778d-cc7,Customer_120,US,Toronto,+1-663-669-5093,https://company120.com,Healthcare,23155958.12,9171,SALESFORCE,2026-02-09T23:34:48.679340
0018298ca1e-f7e,Customer_121,US,New York,+1-263-950-4641,https://company121.com,Finance,9986838.46,26262,SALESFORCE,2026-02-09T23:34:48.679357
001aef54c4d-28c,Customer_122,UK,San Francisco,+1-796-700-5240,https://company122.com,Healthcare,1187829.12,4235,SALESFORCE,2026-02-09T23:34:48.679373
001ceb873cc-97f,Customer_123,US,Sydney,+1-331-194-6432,https://company123.com,Healthcare,2230546.32,30221,SALESFORCE,2026-02-09T23:34:48.679386
001eacd4654-305,Customer_124,US,London,+1-787-543-7471,https://company124.com,Education,1571166.42,44785,SALESFORCE,2026-02-09T23:34:48.679400
0016ec70e15-0f2,Customer_125,DE,London,+1-562-319-4066,https://company125.com,Manufacturing,14064742.26,9750,SALESFORCE,2026-02-09T23:34:48.679412
00125b82454-49a,Customer_126,US,Singapore,+1-834-731-5026,https://company126.com,Manufacturing,24994691.34,36099,SALESFORCE,2026-02-09T23:34:48.679426
001d11cc601-772,Customer_127,FR,New York,+1-289-386-7275,https://company127.com,Finance,21019817.58,42126,SALESFORCE,2026-02-09T23:34:48.679447
001bb628085-e3b,Customer_128,BR,Tokyo,+1-455-745-9907,https://company128.com,Technology,49471240.43,46761,SALESFORCE,2026-02-09T23:34:48.679462
0018f2e2bc3-d66,Customer_129,UK,Sydney,+1-757-900-8940,https://company129.com,Media,45642583.13,32934,SALESFORCE,2026-02-09T23:34:48.679476
001f2f5b904-ff5,Customer_130,UK,Toronto,+1-476-284-1427,https://company130.com,Media,29896106.0,1930,SALESFORCE,2026-02-09T23:34:48.679489
0015f1c2160-c55,Customer_131,BR,Paris,+1-259-928-8728,https://company131.com,Media,38365424.21,15264,SALESFORCE,2026-02-09T23:34:48.679502
00117b222bd-399,Customer_132,US,San Francisco,+1-453-772-4951,https://company132.com,Manufacturing,26731109.27,48313,SALESFORCE,2026-02-09T23:34:48.679518
001408fe110-386,Customer_133,US,Berlin,+1-789-966-7363,https://company133.com,Media,46766781.0,11394,SALESFORCE,2026-02-09T23:34:48.679532
0016c6910e9-874,Customer_134,US,Berlin,+1-806-425-6878,https://company134.com,Technology,35202298.86,23057,SALESFORCE,2026-02-09T23:34:48.679544
00175b593b1-566,Customer_135,CA,Singapore,+1-345-676-4084,https://company135.com,Education,27152017.62,11515,SALESFORCE,2026-02-09T23:34:48.679555
00174a0ea39-833,Customer_136,FR,New York,+1-292-157-4811,https://company136.com,Retail,1094406.7,31335,SALESFORCE,2026-02-09T23:34:48.679565
00160156b71-6d5,Customer_137,US,Mumbai,+1-828-306-3137,https://company137.com,Media,35875187.87,21216,SALESFORCE,2026-02-09T23:34:48.679581
001181d4be8-3c8,Customer_138,US,New York,+1-351-700-3320,https://company138.com,Healthcare,42339396.29,23923,SALESFORCE,2026-02-09T23:34:48.679591
001f520defe-0ce,Customer_139,US,Mumbai,+1-921-778-7481,https://company139.com,Healthcare,16894397.45,21152,SALESFORCE,2026-02-09T23:34:48.679602
001d4d40bda-368,Customer_140,US,London,+1-949-547-8982,https://company140.com,Media,8792713.28,36839,SALESFORCE,2026-02-09T23:34:48.679617
0014d9da8c2-ae0,Customer_141,JP,Singapore,+1-565-328-3872,https://company141.com,Energy,15410479.14,45131,SALESFORCE,2026-02-09T23:34:48.679630
001ce4e8c58-481,Customer_142,UK,London,+1-381-846-1029,https://company142.com,Energy,42552772.58,37200,SALESFORCE,2026-02-09T23:34:48.679647
001d0a58e58-2ca,Customer_143,US,London,+1-816-425-4619,https://company143.com,Healthcare,46840720.9,9227,SALESFORCE,2026-02-09T23:34:48.679665
00164002f02-74d,Customer_144,UK,San Francisco,+1-443-455-6234,https://company144.com,Finance,31845719.83,5824,SALESFORCE,2026-02-09T23:34:48.679678
001dfeec83d-498,Customer_145,SG,Mumbai,+1-657-111-5345,https://company145.com,Retail,12552089.07,4452,SALESFORCE,2026-02-09T23:34:48.679691
0016680fe94-21c,Customer_146,UK,Paris,+1-310-837-1020,https://company146.com,Technology,19358261.19,48020,SALESFORCE,2026-02-09T23:34:48.679704
001a5866c98-786,Customer_147,DE,London,+1-623-604-7204,https://company147.com,Media,27346595.99,6657,SALESFORCE,2026-02-09T23:34:48.679717
001257b255d-3b1,Customer_148,SG,Sydney,+1-791-766-4695,https://company148.com,Finance,22619242.22,2199,SALESFORCE,2026-02-09T23:34:48.679729
0018b865816-964,Customer_149,UK,New York,+1-526-367-2715,https://company149.com,Healthcare,17156229.24,24616,SALESFORCE,2026-02-09T23:34:48.679743
001c987fa3e-704,Customer_150,US,San Francisco,+1-760-195-6536,https://company150.com,Education,35254781.86,28277,SALESFORCE,2026-02-09T23:34:48.679760
00140709bbd-3ba,Customer_151,AU,London,+1-821-544-3573,https://company151.com,Technology,5152764.77,13480,SALESFORCE,2026-02-09T23:34:48.679774
0012bc48720-811,Customer_152,US,Toronto,+1-913-667-9849,https://company152.com,Manufacturing,33063834.85,19500,SALESFORCE,2026-02-09T23:34:48.679789
001fa569bd4-d68,Customer_153,US,San Francisco,+1-250-502-9043,https://company153.com,Finance,2819792.1,260,SALESFORCE,2026-02-09T23:34:48.679807
001a63e1764-c3f,Customer_154,DE,San Francisco,+1-501-943-8869,https://company154.com,Retail,4939646.18,13572,SALESFORCE,2026-02-09T23:34:48.679822
001b98e6e88-a4c,Customer_155,US,Paris,+1-283-584-2892,https://company155.com,Manufacturing,39265341.0,30873,SALESFORCE,2026-02-09T23:34:48.679835
0011ef02d09-50c,Customer_156,FR,Paris,+1-293-757-9914,https://company156.com,Energy,9325572.91,25008,SALESFORCE,2026-02-09T23:34:48.679847
001434b3df6-8cc,Customer_157,UK,London,+1-656-145-5313,https://company157.com,Education,23306392.01,14837,SALESFORCE,2026-02-09T23:34:48.679860
001c77b5255-634,Customer_158,SG,Paris,+1-777-163-3476,https://company158.com,Healthcare,4376794.86,22540,SALESFORCE,2026-02-09T23:34:48.679873
00107fddf2a-110,Customer_159,BR,Tokyo,+1-623-874-4727,https://company159.com,Technology,42055778.6,34257,SALESFORCE,2026-02-09T23:34:48.679886
0017fc31015-238,Customer_160,DE,Tokyo,+1-903-987-8779,https://company160.com,Retail,23865487.83,5184,SALESFORCE,2026-02-09T23:34:48.679912
0011d3facdd-690,Customer_161,DE,New York,+1-714-684-9467,https://company161.com,Finance,6102065.55,49633,SALESFORCE,2026-02-09T23:34:48.679934
001cc1d4594-c10,Customer_162,FR,London,+1-371-316-4157,https://company162.com,Finance,2229527.44,5145,SALESFORCE,2026-02-09T23:34:48.679950
001dba814ed-0df,Customer_163,AU,Toronto,+1-406-942-3422,https://company163.com,Manufacturing,16055499.49,47661,SALESFORCE,2026-02-09T23:34:48.679963
00189693b06-e43,Customer_164,BR,San Francisco,+1-289-497-7510,https://company164.com,Media,42845546.61,34068,SALESFORCE,2026-02-09T23:34:48.679975
001781c8892-db5,Customer_165,FR,New York,+1-917-738-9561,https://company165.com,Energy,5714690.25,9816,SALESFORCE,2026-02-09T23:34:48.679989
001df770b37-706,Customer_166,US,Singapore,+1-802-696-2641,https://company166.com,Healthcare,28177919.6,6628,SALESFORCE,2026-02-09T23:34:48.680006
001a4b93683-1c2,Customer_167,BR,Paris,+1-748-452-7732,https://company167.com,Manufacturing,19213869.3,31833,SALESFORCE,2026-02-09T23:34:48.680020
0016f7d001f-629,Customer_168,CA,Singapore,+1-684-138-3821,https://company168.com,Manufacturing,20208400.53,40527,SALESFORCE,2026-02-09T23:34:48.680033
00185e7e86c-0da,Customer_169,CA,Toronto,+1-239-505-6431,https://company169.com,Retail,2559619.68,31153,SALESFORCE,2026-02-09T23:34:48.680046
001ad063176-85d,Customer_170,UK,Mumbai,+1-220-445-5965,https://company170.com,Manufacturing,14089297.99,32228,SALESFORCE,2026-02-09T23:34:48.680060
00101bb0aeb-11c,Customer_171,SG,San Francisco,+1-433-237-5923,https://company171.com,Education,38724141.92,21038,SALESFORCE,2026-02-09T23:34:48.680073
001aa0cf14e-306,Customer_172,UK,Toronto,+1-819-761-2462,https://company172.com,Retail,22141658.24,26694,SALESFORCE,2026-02-09T23:34:48.680088
001a15ca57f-30f,Customer_173,JP,Sydney,+1-977-628-7126,https://company173.com,Technology,25811958.16,10428,SALESFORCE,2026-02-09T23:34:48.680102
00170e12f65-2e2,Customer_174,US,Paris,+1-926-618-7609,https://company174.com,Finance,39047769.84,34369,SALESFORCE,2026-02-09T23:34:48.680113
001f92cbf66-3bd,Customer_175,CA,New York,+1-377-297-4288,https://company175.com,Technology,12549564.04,29923,SALESFORCE,2026-02-09T23:34:48.680125
00126c6068f-4a8,Customer_176,US,Mumbai,+1-921-303-5488,https://company176.com,Media,41192963.96,33113,SALESFORCE,2026-02-09T23:34:48.680139
001caa248db-440,Customer_177,DE,San Francisco,+1-897-131-4963,https://company177.com,Media,24490458.28,29245,SALESFORCE,2026-02-09T23:34:48.680152
001269e6741-747,Customer_178,US,Sydney,+1-800-664-6730,https://company178.com,Media,8259329.36,16961,SALESFORCE,2026-02-09T23:34:48.680167
001dda01186-5e4,Customer_179,JP,San Francisco,+1-491-128-7333,https://company179.com,Technology,8229079.54,37513,SALESFORCE,2026-02-09T23:34:48.680182
0010d47fdcf-6f9,Customer_180,BR,Berlin,+1-426-762-4688,https://company180.com,Retail,13527270.61,26847,SALESFORCE,2026-02-09T23:34:48.680195
00113e569c0-1b3,Customer_181,IN,New York,+1-999-885-1145,https://company181.com,Education,45584620.36,42436,SALESFORCE,2026-02-09T23:34:48.680209
001693b7a40-3a6,Customer_182,US,Singapore,+1-208-329-5135,https://company182.com,Manufacturing,35665750.36,46499,SALESFORCE,2026-02-09T23:34:48.680240
001627b260f-4b7,Customer_183,AU,Paris,+1-633-485-6713,https://company183.com,Education,12674735.59,30595,SALESFORCE,2026-02-09T23:34:48.680253
001dfe31934-5e9,Customer_184,UK,Tokyo,+1-838-506-2676,https://company184.com,Technology,25624534.5,43418,SALESFORCE,2026-02-09T23:34:48.680267
00104c405ea-3ca,Customer_185,SG,Mumbai,+1-774-762-5631,https://company185.com,Manufacturing,34252215.48,31581,SALESFORCE,2026-02-09T23:34:48.680281
00165df0842-09e,Customer_186,US,Mumbai,+1-483-755-6327,https://company186.com,Manufacturing,13131230.71,46612,SALESFORCE,2026-02-09T23:34:48.680294
0017107e13f-f78,Customer_187,AU,Paris,+1-392-253-9475,https://company187.com,Retail,44994383.53,39333,SALESFORCE,2026-02-09T23:34:48.680307
001e7a14dee-b36,Customer_188,DE,Mumbai,+1-897-243-1417,https://company188.com,Education,49873708.07,17011,SALESFORCE,2026-02-09T23:34:48.680320
0018dd7feb2-0f9,Customer_189,DE,Toronto,+1-597-854-1578,https://company189.com,Retail,17224035.78,46761,SALESFORCE,2026-02-09T23:34:48.680333
001330979d3-18b,Customer_190,US,Tokyo,+1-853-903-8794,https://company190.com,Media,25415011.29,11150,SALESFORCE,2026-02-09T23:34:48.680344
0018925cd46-abb,Customer_191,SG,Tokyo,+1-385-400-2599,https://company191.com,Education,6484412.57,16961,SALESFORCE,2026-02-09T23:34:48.680356
00173bcf750-cba,Customer_192,JP,Tokyo,+1-981-287-6499,https://company192.com,Healthcare,11190450.22,14646,SALESFORCE,2026-02-09T23:34:48.680373
0010a4f2ac2-092,Customer_193,JP,Paris,+1-630-907-6428,https://company193.com,Media,13101905.85,19280,SALESFORCE,2026-02-09T23:34:48.680387
0017cbf90c6-223,Customer_194,FR,San Francisco,+1-681-154-2166,https://company194.com,Education,44482360.47,32809,SALESFORCE,2026-02-09T23:34:48.680401
001997c31b3-e25,Customer_195,US,Toronto,+1-742-405-7768,https://company195.com,Technology,43555372.4,9891,SALESFORCE,2026-02-09T23:34:48.680414
001e22bdccb-323,Customer_196,US,Berlin,+1-550-519-8496,https://company196.com,Finance,15887534.54,46912,SALESFORCE,2026-02-09T23:34:48.680428
001cda709f4-cd9,Customer_197,US,San Francisco,+1-699-440-3897,https://company197.com,Media,31761498.56,318,SALESFORCE,2026-02-09T23:34:48.680441
001761bb359-f03,Customer_198,FR,Paris,+1-414-879-3762,https://company198.com,Finance,24529896.82,5779,SALESFORCE,2026-02-09T23:34:48.680453
00141098150-c71,Customer_199,US,Singapore,+1-644-748-8035,https://company199.com,Energy,21508369.89,31296,SALESFORCE,2026-02-09T23:34:48.680464
001fb35b539-956,Customer_200,DE,New York,+1-238-646-4267,https://company200.com,Media,47508423.91,21126,SALESFORCE,2026-02-09T23:34:48.680475
00154a4e6fd-76e,Customer_201,BR,Tokyo,+1-395-118-1067,https://company201.com,Retail,11390658.99,22577,SALESFORCE,2026-02-09T23:34:48.680485
001ae4ea74f-70c,Customer_202,UK,London,+1-305-492-9246,https://company202.com,Manufacturing,8434307.34,3006,SALESFORCE,2026-02-09T23:34:48.680498
0015b1333bf-5aa,Customer_203,UK,Paris,+1-666-845-9524,https://company203.com,Media,21739894.98,45018,SALESFORCE,2026-02-09T23:34:48.680509
001a9d32117-c6d,Customer_204,US,Mumbai,+1-701-467-4087,https://company204.com,Finance,47409409.25,26446,SALESFORCE,2026-02-09T23:34:48.680524
001e4582e39-4ec,Customer_205,US,Berlin,+1-429-844-3149,https://company205.com,Retail,36730423.3,38656,SALESFORCE,2026-02-09T23:34:48.680534
001b04eaf18-ffd,Customer_206,IN,London,+1-326-475-1612,https://company206.com,Energy,43839552.47,16773,SALESFORCE,2026-02-09T23:34:48.680545
001584d9902-d61,Customer_207,BR,Tokyo,+1-838-149-1785,https://company207.com,Healthcare,32713024.16,1303,SALESFORCE,2026-02-09T23:34:48.680558
0015d5bc8fd-cfc,Customer_208,US,San Francisco,+1-626-554-7230,https://company208.com,Healthcare,27409391.0,31100,SALESFORCE,2026-02-09T23:34:48.680578
001a8c57c5b-99b,Customer_209,JP,London,+1-410-811-1152,https://company209.com,Manufacturing,21101485.68,6627,SALESFORCE,2026-02-09T23:34:48.680594
0012843f980-034,Customer_210,AU,Tokyo,+1-476-737-3247,https://company210.com,Energy,41549570.75,6885,SALESFORCE,2026-02-09T23:34:48.680608
001cd831145-840,Customer_211,IN,Singapore,+1-320-389-2867,https://company211.com,Healthcare,24937179.25,39921,SALESFORCE,2026-02-09T23:34:48.680621
001713a86ab-1d5,Customer_212,US,Paris,+1-735-306-6864,https://company212.com,Energy,14838024.93,2592,SALESFORCE,2026-02-09T23:34:48.680640
001c7022307-cd2,Customer_213,IN,Sydney,+1-412-804-8875,https://company213.com,Media,11801812.77,845,SALESFORCE,2026-02-09T23:34:48.680653
001e6880375-504,Customer_214,AU,San Francisco,+1-313-955-9095,https://company214.com,Finance,47477356.18,33545,SALESFORCE,2026-02-09T23:34:48.680668
00127342594-9bc,Customer_215,US,San Francisco,+1-462-759-4787,https://company215.com,Education,49434429.94,19410,SALESFORCE,2026-02-09T23:34:48.680678
001c1287637-250,Customer_216,UK,Sydney,+1-251-202-3862,https://company216.com,Technology,42627209.42,23617,SALESFORCE,2026-02-09T23:34:48.680691
0018adfcc0c-a6b,Customer_217,BR,Mumbai,+1-636-856-2898,https://company217.com,Healthcare,42577170.44,3017,SALESFORCE,2026-02-09T23:34:48.680704
00127db81c1-ab1,Customer_218,US,London,+1-879-762-3793,https://company218.com,Media,17940617.47,28696,SALESFORCE,2026-02-09T23:34:48.680714
00187ed34b5-d7f,Customer_219,CA,Paris,+1-950-195-7105,https://company219.com,Media,9225184.07,26275,SALESFORCE,2026-02-09T23:34:48.680725
001c8c748ea-e9a,Customer_220,DE,Sydney,+1-478-955-7319,https://company220.com,Education,40014964.94,42532,SALESFORCE,2026-02-09T23:34:48.680736
001eb2586bb-bd1,Customer_221,BR,London,+1-315-235-1960,https://company221.com,Finance,5275283.98,38725,SALESFORCE,2026-02-09T23:34:48.680747
0019fd7ca58-2cc,Customer_222,FR,Singapore,+1-894-548-3969,https://company222.com,Energy,38980298.3,40075,SALESFORCE,2026-02-09T23:34:48.680760
00181c3ffd1-368,Customer_223,US,London,+1-694-599-2850,https://company223.com,Energy,22090325.23,4160,SALESFORCE,2026-02-09T23:34:48.680786
001c0fbb2ae-b5c,Customer_224,UK,Mumbai,+1-212-821-9598,https://company224.com,Retail,48896988.32,43908,SALESFORCE,2026-02-09T23:34:48.680800
001b2d100a4-8cd,Customer_225,SG,Mumbai,+1-731-635-2560,https://company225.com,Energy,33119491.82,16300,SALESFORCE,2026-02-09T23:34:48.680817
001b3a93b61-77d,Customer_226,FR,Mumbai,+1-879-792-7305,https://company226.com,Finance,41967747.76,36601,SALESFORCE,2026-02-09T23:34:48.680830
001676d7bff-c48,Customer_227,CA,New York,+1-211-758-3571,https://company227.com,Education,42608370.46,10849,SALESFORCE,2026-02-09T23:34:48.680843
001e2864fe2-22c,Customer_228,US,Sydney,+1-528-346-6421,https://company228.com,Manufacturing,2612500.65,14605,SALESFORCE,2026-02-09T23:34:48.680856
00121371dea-cfc,Customer_229,IN,Toronto,+1-612-936-4850,https://company229.com,Healthcare,23008820.28,37564,SALESFORCE,2026-02-09T23:34:48.680872
00172151909-934,Customer_230,FR,San Francisco,+1-710-557-6178,https://company230.com,Healthcare,49035469.87,48849,SALESFORCE,2026-02-09T23:34:48.680887
001079c70e2-07d,Customer_231,AU,New York,+1-305-513-7755,https://company231.com,Technology,27900837.47,21,SALESFORCE,2026-02-09T23:34:48.680900
001c6af0250-46d,Customer_232,SG,San Francisco,+1-818-733-5990,https://company232.com,Retail,32764339.58,29908,SALESFORCE,2026-02-09T23:34:48.680916
001407facbd-fb9,Customer_233,UK,Mumbai,+1-255-936-4652,https://company233.com,Education,16665434.02,40626,SALESFORCE,2026-02-09T23:34:48.680928
001be9fb85e-d13,Customer_234,CA,Sydney,+1-933-772-6952,https://company234.com,Education,5789765.58,49772,SALESFORCE,2026-02-09T23:34:48.680940
001cdbdc0ef-001,Customer_235,AU,Berlin,+1-202-449-6818,https://company235.com,Manufacturing,27429760.03,24513,SALESFORCE,2026-02-09T23:34:48.680950
0012d7b009d-c22,Customer_236,JP,San Francisco,+1-246-268-9067,https://company236.com,Finance,41109749.13,48671,SALESFORCE,2026-02-09T23:34:48.680961
001fc43c64e-08b,Customer_237,JP,Toronto,+1-309-360-4209,https://company237.com,Retail,6125215.79,25758,SALESFORCE,2026-02-09T23:34:48.680978
0010245b9c4-01b,Customer_238,US,Sydney,+1-395-833-6536,https://company238.com,Healthcare,37881752.16,3057,SALESFORCE,2026-02-09T23:34:48.680989
0016eefdaef-acf,Customer_239,AU,Singapore,+1-326-890-8381,https://company239.com,Education,32956989.08,33053,SALESFORCE,2026-02-09T23:34:48.681007
0014224b4ea-677,Customer_240,US,Sydney,+1-204-643-1795,https://company240.com,Energy,41956923.92,31659,SALESFORCE,2026-02-09T23:34:48.681036
001c0d62d45-d6b,Customer_241,IN,London,+1-908-692-3845,https://company241.com,Finance,5267342.66,43101,SALESFORCE,2026-02-09T23:34:48.681050
00155fcc4bc-34b,Customer_242,CA,Singapore,+1-529-616-7302,https://company242.com,Energy,48977087.93,45394,SALESFORCE,2026-02-09T23:34:48.681071
001d123fea8-5e9,Customer_243,BR,Berlin,+1-480-507-6617,https://company243.com,Manufacturing,22697000.73,8750,SALESFORCE,2026-02-09T23:34:48.681086
0017f925dfc-bf6,Customer_244,US,Toronto,+1-816-816-9393,https://company244.com,Manufacturing,42169414.12,35911,SALESFORCE,2026-02-09T23:34:48.681100
001bdf10cc7-5fc,Customer_245,SG,Mumbai,+1-928-854-4560,https://company245.com,Retail,10564663.54,46827,SALESFORCE,2026-02-09T23:34:48.681111
001924c0ed6-e2c,Customer_246,UK,Mumbai,+1-888-235-3913,https://company246.com,Media,35546601.08,49868,SALESFORCE,2026-02-09T23:34:48.681122
00180767eab-2e3,Customer_247,UK,Tokyo,+1-691-696-7839,https://company247.com,Manufacturing,43886114.02,27691,SALESFORCE,2026-02-09T23:34:48.681133
001a06807e8-947,Customer_248,BR,New York,+1-735-209-1414,https://company248.com,Energy,7351802.91,43935,SALESFORCE,2026-02-09T23:34:48.681146
00163761a7c-bf7,Customer_249,US,Berlin,+1-473-868-3636,https://company249.com,Manufacturing,34201177.4,9606,SALESFORCE,2026-02-09T23:34:48.681159
0018d8c11ea-845,Customer_250,SG,New York,+1-907-903-5835,https://company250.com,Retail,37704338.01,2127,SALESFORCE,2026-02-09T23:34:48.681171
001162fea6d-0f6,Customer_251,UK,Sydney,+1-304-730-4675,https://company251.com,Energy,11956014.08,45631,SALESFORCE,2026-02-09T23:34:48.681186
0010055065e-32f,Customer_252,UK,New York,+1-590-496-7825,https://company252.com,Media,48295077.36,3535,SALESFORCE,2026-02-09T23:34:48.681203
0012d4ee268-ce8,Customer_253,US,Paris,+1-407-735-8259,https://company253.com,Retail,45583170.22,46188,SALESFORCE,2026-02-09T23:34:48.681226
00129312718-b67,Customer_254,JP,Mumbai,+1-973-702-9955,https://company254.com,Retail,38829722.58,12691,SALESFORCE,2026-02-09T23:34:48.681251
001c0488294-1d3,Customer_255,UK,Sydney,+1-381-799-2220,https://company255.com,Finance,48127514.92,48184,SALESFORCE,2026-02-09T23:34:48.681269
0017d05fda2-5ac,Customer_256,IN,San Francisco,+1-586-141-8020,https://company256.com,Manufacturing,27874271.17,8534,SALESFORCE,2026-02-09T23:34:48.681282
001eb822e8c-1fa,Customer_257,US,Singapore,+1-461-105-6415,https://company257.com,Education,35513495.89,10155,SALESFORCE,2026-02-09T23:34:48.681296
001781dd991-5bc,Customer_258,US,London,+1-530-711-1833,https://company258.com,Manufacturing,24578491.96,37540,SALESFORCE,2026-02-09T23:34:48.681308
001b6c52e17-a4a,Customer_259,IN,Mumbai,+1-274-902-6207,https://company259.com,Retail,47853687.11,34128,SALESFORCE,2026-02-09T23:34:48.681319
001e49e2445-9f8,Customer_260,US,Tokyo,+1-363-525-9897,https://company260.com,Energy,4688083.14,14506,SALESFORCE,2026-02-09T23:34:48.681330
0018ef6f8fc-438,Customer_261,US,Mumbai,+1-539-469-5809,https://company261.com,Retail,47520382.99,40529,SALESFORCE,2026-02-09T23:34:48.681341
0014e4a90cb-156,Customer_262,IN,Sydney,+1-774-943-1144,https://company262.com,Healthcare,33480029.55,29217,SALESFORCE,2026-02-09T23:34:48.681355
00165660d53-37f,Customer_263,US,Singapore,+1-836-349-1653,https://company263.com,Media,19130493.12,7440,SALESFORCE,2026-02-09T23:34:48.681366
0010d572f74-27d,Customer_264,DE,Paris,+1-753-841-5633,https://company264.com,Technology,45575662.74,24583,SALESFORCE,2026-02-09T23:34:48.681376
001fa0ca88e-ba4,Customer_265,IN,Tokyo,+1-656-598-1718,https://company265.com,Manufacturing,44924252.28,12626,SALESFORCE,2026-02-09T23:34:48.681387
00142adcdc7-fa8,Customer_266,UK,Tokyo,+1-284-198-3742,https://company266.com,Technology,31383960.49,13823,SALESFORCE,2026-02-09T23:34:48.681398
001c1c4f1bf-7f6,Customer_267,AU,Berlin,+1-901-534-2702,https://company267.com,Retail,26933935.28,46064,SALESFORCE,2026-02-09T23:34:48.681411
001b282b082-96a,Customer_268,JP,Toronto,+1-862-936-2181,https://company268.com,Finance,1285272.01,46990,SALESFORCE,2026-02-09T23:34:48.681424
0012c8e1695-1b6,Customer_269,UK,New York,+1-289-175-1889,https://company269.com,Finance,39731317.87,36584,SALESFORCE,2026-02-09T23:34:48.681434
001311b10f9-0ed,Customer_270,US,Singapore,+1-433-364-7678,https://company270.com,Energy,22611170.62,26515,SALESFORCE,2026-02-09T23:34:48.681445
0014beae6bd-7a5,Customer_271,DE,Mumbai,+1-217-498-2938,https://company271.com,Technology,32106995.05,40534,SALESFORCE,2026-02-09T23:34:48.681456
0010d0afc1d-66d,Customer_272,US,Singapore,+1-246-817-2189,https://company272.com,Media,46409582.73,6965,SALESFORCE,2026-02-09T23:34:48.681469
001f721b165-c17,Customer_273,UK,Paris,+1-821-188-5612,https://company273.com,Education,19132537.37,43311,SALESFORCE,2026-02-09T23:34:48.681479
00189cbc25b-874,Customer_274,US,Sydney,+1-360-646-4602,https://company274.com,Finance,37363020.19,35774,SALESFORCE,2026-02-09T23:34:48.681495
001d4d4b053-827,Customer_275,UK,London,+1-505-793-7113,https://company275.com,Technology,27720856.97,36387,SALESFORCE,2026-02-09T23:34:48.681509
001d6590f85-495,Customer_276,US,San Francisco,+1-242-105-7456,https://company276.com,Healthcare,15304088.5,49050,SALESFORCE,2026-02-09T23:34:48.681523
0016ef9658a-fe9,Customer_277,JP,Mumbai,+1-416-522-9397,https://company277.com,Finance,8131622.44,14479,SALESFORCE,2026-02-09T23:34:48.681537
001ad8ccc99-245,Customer_278,CA,Paris,+1-398-217-3971,https://company278.com,Technology,42584247.35,35979,SALESFORCE,2026-02-09T23:34:48.681558
001d1db2b93-680,Customer_279,FR,Tokyo,+1-274-397-2103,https://company279.com,Manufacturing,5000299.83,47562,SALESFORCE,2026-02-09T23:34:48.681577
0013354d3df-d80,Customer_280,CA,Sydney,+1-538-465-3100,https://company280.com,Retail,5092248.36,40610,SALESFORCE,2026-02-09T23:34:48.681592
00121959b1b-e02,Customer_281,US,Berlin,+1-525-597-8383,https://company281.com,Media,30855487.27,20042,SALESFORCE,2026-02-09T23:34:48.681604
0019cfa4833-afe,Customer_282,JP,Singapore,+1-356-679-6971,https://company282.com,Media,47937080.2,11061,SALESFORCE,2026-02-09T23:34:48.681617
001d74fdec6-cce,Customer_283,US,Mumbai,+1-452-904-4629,https://company283.com,Energy,13906323.77,23569,SALESFORCE,2026-02-09T23:34:48.681628
001ccd1001a-86c,Customer_284,US,Mumbai,+1-691-573-8296,https://company284.com,Media,38760871.38,31924,SALESFORCE,2026-02-09T23:34:48.681639
001c0732151-465,Customer_285,IN,San Francisco,+1-379-761-2343,https://company285.com,Manufacturing,42949811.4,9185,SALESFORCE,2026-02-09T23:34:48.681649
001c1bb5b32-0b9,Customer_286,IN,Berlin,+1-469-851-2252,https://company286.com,Healthcare,44616048.71,33248,SALESFORCE,2026-02-09T23:34:48.681659
00160118ab4-449,Customer_287,AU,New York,+1-795-692-7637,https://company287.com,Retail,45324548.51,36159,SALESFORCE,2026-02-09T23:34:48.681670
00162d9adc7-abf,Customer_288,UK,Tokyo,+1-752-583-3435,https://company288.com,Media,19685667.46,38650,SALESFORCE,2026-02-09T23:34:48.681681
001e6ee6e3d-ee0,Customer_289,JP,Paris,+1-337-575-9210,https://company289.com,Healthcare,19899579.37,32920,SALESFORCE,2026-02-09T23:34:48.681691
001537c3bd4-13b,Customer_290,US,Berlin,+1-828-800-3717,https://company290.com,Finance,22366400.15,11750,SALESFORCE,2026-02-09T23:34:48.681701
001206e526c-d82,Customer_291,CA,Singapore,+1-875-993-3395,https://company291.com,Education,46964845.39,2658,SALESFORCE,2026-02-09T23:34:48.681712
00174f1f084-5c3,Customer_292,US,Sydney,+1-437-164-5331,https://company292.com,Media,11777531.58,43826,SALESFORCE,2026-02-09T23:34:48.681725
001c5f382a6-7e1,Customer_293,US,Tokyo,+1-569-497-8695,https://company293.com,Education,44089443.87,2625,SALESFORCE,2026-02-09T23:34:48.681738
0011d6fabc9-137,Customer_294,AU,Mumbai,+1-305-820-9542,https://company294.com,Manufacturing,41760126.08,17266,SALESFORCE,2026-02-09T23:34:48.681750
001a674e735-2b0,Customer_295,CA,Tokyo,+1-783-278-7171,https://company295.com,Energy,18328309.22,42827,SALESFORCE,2026-02-09T23:34:48.681761
001e5913665-aab,Customer_296,SG,San Francisco,+1-729-357-7165,https://company296.com,Retail,25866951.93,23137,SALESFORCE,2026-02-09T23:34:48.681771
001e9f08cca-953,Customer_297,SG,Mumbai,+1-698-911-8898,https://company297.com,Technology,25141665.53,9117,SALESFORCE,2026-02-09T23:34:48.681782
001896a58cd-de2,Customer_298,FR,London,+1-435-178-9430,https://company298.com,Manufacturing,10654703.5,12259,SALESFORCE,2026-02-09T23:34:48.681793
001d661e61e-398,Customer_299,US,Mumbai,+1-816-834-2938,https://company299.com,Retail,20789222.89,21651,SALESFORCE,2026-02-09T23:34:48.681804
0017618aa0e-bb5,Customer_300,JP,San Francisco,+1-693-791-8844,https://company300.com,Education,10614127.16,10577,SALESFORCE,2026-02-09T23:34:48.681814
0013511422f-0c0,NewCo_301,AU,Toronto,+1-222-349-1706,https://company301.com,Finance,28716976.92,10569,SALESFORCE,2026-02-09T23:34:48.681825
00164420c4d-91b,NewCo_302,US,Tokyo,+1-240-686-3406,https://company302.com,Technology,8400434.18,11808,SALESFORCE,2026-02-09T23:34:48.681839
00156439c84-059,NewCo_303,IN,Toronto,+1-813-677-1305,https://company303.com,Manufacturing,47367968.04,14204,SALESFORCE,2026-02-09T23:34:48.681850
001108fbf04-e3a,NewCo_304,FR,Singapore,+1-682-988-8891,https://company304.com,Finance,11046254.36,26930,SALESFORCE,2026-02-09T23:34:48.681863
0018e9022be-f5d,NewCo_305,CA,London,+1-796-940-3979,https://company305.com,Manufacturing,8469312.91,44940,SALESFORCE,2026-02-09T23:34:48.681877
0011451344c-18c,NewCo_306,UK,Sydney,+1-810-704-2127,https://company306.com,Retail,18972746.47,8674,SALESFORCE,2026-02-09T23:34:48.681893
001d5c8b6a2-ba8,NewCo_307,US,New York,+1-407-635-9263,https://company307.com,Energy,41343057.86,39692,SALESFORCE,2026-02-09T23:34:48.681904
0010830efc7-1e8,NewCo_308,US,London,+1-687-729-1639,https://company308.com,Healthcare,4750179.29,43223,SALESFORCE,2026-02-09T23:34:48.681915
00145406af3-c39,NewCo_309,US,Singapore,+1-752-947-1019,https://company309.com,Energy,26150007.06,24283,SALESFORCE,2026-02-09T23:34:48.681926
001f9cb785b-a96,NewCo_310,SG,New York,+1-914-642-8028,https://company310.com,Retail,46927239.23,31606,SALESFORCE,2026-02-09T23:34:48.681937
001125b559d-c59,NewCo_311,BR,Toronto,+1-558-703-2600,https://company311.com,Energy,6780766.97,31279,SALESFORCE,2026-02-09T23:34:48.681948
001c60d74d6-ebf,NewCo_312,BR,Berlin,+1-285-390-9908,https://company312.com,Energy,12964468.32,368,SALESFORCE,2026-02-09T23:34:48.681962
00136b11719-bd6,NewCo_313,JP,New York,+1-791-635-2930,https://company313.com,Technology,18813991.1,13472,SALESFORCE,2026-02-09T23:34:48.681972
00173b9dc7b-fba,NewCo_314,JP,Mumbai,+1-618-470-2746,https://company314.com,Finance,21360972.3,38372,SALESFORCE,2026-02-09T23:34:48.681983
001b48cbd95-8d5,NewCo_315,UK,Paris,+1-748-533-6990,https://company315.com,Manufacturing,49590753.84,26057,SALESFORCE,2026-02-09T23:34:48.681993
00166737375-5e0,NewCo_316,BR,Berlin,+1-623-665-8904,https://company316.com,Finance,18573627.15,36376,SALESFORCE,2026-02-09T23:34:48.682004
001b429eaf7-438,NewCo_317,FR,Paris,+1-514-691-6641,https://company317.com,Energy,36815543.29,43216,SALESFORCE,2026-02-09T23:34:48.682015
001b6b07e27-7e2,NewCo_318,US,Berlin,+1-657-901-3650,https://company318.com,Healthcare,10801461.26,26261,SALESFORCE,2026-02-09T23:34:48.682028
001d7a454da-a08,NewCo_319,BR,Mumbai,+1-763-728-1852,https://company319.com,Finance,19516273.66,41682,SALESFORCE,2026-02-09T23:34:48.682040
0015fa116d2-9d8,NewCo_320,US,San Francisco,+1-348-582-8133,https://company320.com,Healthcare,3297614.77,14543,SALESFORCE,2026-02-09T23:34:48.682053
001e4cfc7b2-9ed,NewCo_321,UK,San Francisco,+1-823-138-7296,https://company321.com,Energy,30736882.98,34154,SALESFORCE,2026-02-09T23:34:48.682064
0016851c1a1-abe,NewCo_322,UK,Singapore,+1-258-892-3871,https://company322.com,Education,22004705.22,13229,SALESFORCE,2026-02-09T23:34:48.682083
00162c1f264-e1a,NewCo_323,SG,Tokyo,+1-492-299-1550,https://company323.com,Retail,30797980.29,44182,SALESFORCE,2026-02-09T23:34:48.682097
0010f19bfda-f7c,NewCo_324,US,Mumbai,+1-444-770-1004,https://company324.com,Finance,4433456.35,18093,SALESFORCE,2026-02-09T23:34:48.682118
001d2afd98b-08a,NewCo_325,BR,Toronto,+1-561-785-7474,https://company325.com,Energy,29345400.24,33940,SALESFORCE,2026-02-09T23:34:48.682138
00134b9f149-04e,NewCo_326,US,San Francisco,+1-292-662-5661,https://company326.com,Media,17439006.93,18131,SALESFORCE,2026-02-09T23:34:48.682154
0018705c632-93d,NewCo_327,US,Singapore,+1-399-565-7618,https://company327.com,Technology,13129264.53,26691,SALESFORCE,2026-02-09T23:34:48.682164
00182c5ca28-6c2,NewCo_328,IN,San Francisco,+1-772-174-9243,https://company328.com,Manufacturing,17064298.13,7678,SALESFORCE,2026-02-09T23:34:48.682175
00132bbb71a-d24,NewCo_329,BR,Tokyo,+1-463-997-9813,https://company329.com,Manufacturing,34740173.89,24722,SALESFORCE,2026-02-09T23:34:48.682185
001d657869a-82f,NewCo_330,CA,Sydney,+1-988-349-6565,https://company330.com,Education,34111574.2,38468,SALESFORCE,2026-02-09T23:34:48.682195
00115dad127-c1b,NewCo_331,SG,New York,+1-693-219-5224,https://company331.com,Healthcare,19195394.97,14452,SALESFORCE,2026-02-09T23:34:48.682208
0011df1cf57-819,NewCo_332,AU,Berlin,+1-523-522-6785,https://company332.com,Technology,35070845.76,17268,SALESFORCE,2026-02-09T23:34:48.682251
001f4fc2dab-f22,NewCo_333,US,Paris,+1-295-508-6603,https://company333.com,Healthcare,27772120.05,11707,SALESFORCE,2026-02-09T23:34:48.682264
00130db6b2f-6a5,NewCo_334,FR,Mumbai,+1-562-323-5408,https://company334.com,Finance,47361193.64,44778,SALESFORCE,2026-02-09T23:34:48.682275
00141108474-cff,NewCo_335,US,Sydney,+1-954-304-4847,https://company335.com,Retail,43649850.67,13561,SALESFORCE,2026-02-09T23:34:48.682286
001b596d7f2-804,NewCo_336,US,Berlin,+1-455-956-6833,https://company336.com,Finance,38969030.18,7866,SALESFORCE,2026-02-09T23:34:48.682296
0012d2779d2-4ed,NewCo_337,US,Sydney,+1-828-106-9871,https://company337.com,Technology,42415728.73,24336,SALESFORCE,2026-02-09T23:34:48.682307
00124ab1b47-df7,NewCo_338,CA,Mumbai,+1-704-688-5501,https://company338.com,Education,9225305.97,33507,SALESFORCE,2026-02-09T23:34:48.682318
0016604965d-c81,NewCo_339,UK,Toronto,+1-427-868-3101,https://company339.com,Technology,26334198.65,27743,SALESFORCE,2026-02-09T23:34:48.682332
001adf3ac8d-1d6,NewCo_340,FR,Tokyo,+1-233-614-6689,https://company340.com,Energy,43033966.51,11465,SALESFORCE,2026-02-09T23:34:48.682344
00145355ad3-10c,NewCo_341,FR,San Francisco,+1-915-630-8537,https://company341.com,Media,34491606.4,784,SALESFORCE,2026-02-09T23:34:48.682359
001280e4c22-fef,NewCo_342,AU,Berlin,+1-588-694-2650,https://company342.com,Media,18143956.06,17029,SALESFORCE,2026-02-09T23:34:48.682377
00186e3949e-5c6,NewCo_343,US,Tokyo,+1-469-342-5413,https://company343.com,Education,47930488.17,22495,SALESFORCE,2026-02-09T23:34:48.682388
0017acfb8b8-0a1,NewCo_344,UK,London,+1-710-534-4449,https://company344.com,Energy,35065560.08,24409,SALESFORCE,2026-02-09T23:34:48.682403
0018fbb8394-b56,NewCo_345,UK,Toronto,+1-486-561-3947,https://company345.com,Finance,48965695.35,44968,SALESFORCE,2026-02-09T23:34:48.682416
00185f8e32d-32c,NewCo_346,US,San Francisco,+1-938-376-4863,https://company346.com,Energy,42829806.06,12859,SALESFORCE,2026-02-09T23:34:48.682427
0012e66169c-7b6,NewCo_347,US,London,+1-684-925-1159,https://company347.com,Finance,21133881.38,8822,SALESFORCE,2026-02-09T23:34:48.682437
001151d5112-6ea,NewCo_348,SG,Tokyo,+1-746-837-6172,https://company348.com,Education,15071705.69,36850,SALESFORCE,2026-02-09T23:34:48.682447
001b645f3de-cd9,NewCo_349,SG,Singapore,+1-248-507-2621,https://company349.com,Finance,3095815.25,16675,SALESFORCE,2026-02-09T23:34:48.682457
0017691aa3e-b7b,NewCo_350,FR,San Francisco,+1-660-862-6483,https://company350.com,Manufacturing,18112004.85,36733,SALESFORCE,2026-02-09T23:34:48.682467
001e70da09a-c00,NewCo_351,IN,Paris,+1-552-120-7746,https://company351.com,Healthcare,17619415.44,44547,SALESFORCE,2026-02-09T23:34:48.682480
001393c64e9-32a,NewCo_352,CA,Berlin,+1-790-689-9821,https://company352.com,Finance,48970719.34,18662,SALESFORCE,2026-02-09T23:34:48.682496
001cb086227-e40,NewCo_353,UK,Mumbai,+1-889-622-8987,https://company353.com,Education,44492659.21,24983,SALESFORCE,2026-02-09T23:34:48.682510
001621de23c-d68,NewCo_354,CA,Paris,+1-674-746-3373,https://company354.com,Finance,32064974.57,22121,SALESFORCE,2026-02-09T23:34:48.682524
00140171b29-910,NewCo_355,DE,Singapore,+1-785-514-2168,https://company355.com,Healthcare,8183774.5,14966,SALESFORCE,2026-02-09T23:34:48.682536
0015df909f7-db6,NewCo_356,UK,Mumbai,+1-868-398-5382,https://company356.com,Energy,13635280.26,29166,SALESFORCE,2026-02-09T23:34:48.682554
0016720e0f2-978,NewCo_357,BR,Mumbai,+1-965-701-9535,https://company357.com,Education,20758054.14,12061,SALESFORCE,2026-02-09T23:34:48.682575
00132d0fe5f-8e1,NewCo_358,SG,New York,+1-328-845-4844,https://company358.com,Manufacturing,47027823.13,45930,SALESFORCE,2026-02-09T23:34:48.682591
001a7c384b1-c89,NewCo_359,JP,San Francisco,+1-415-270-7505,https://company359.com,Healthcare,4868130.58,31020,SALESFORCE,2026-02-09T23:34:48.682604
001ba0ac455-fca,NewCo_360,IN,New York,+1-226-889-7504,https://company360.com,Healthcare,5286027.36,40517,SALESFORCE,2026-02-09T23:34:48.682617
0019aad53ac-55d,NewCo_361,US,San Francisco,+1-870-499-6068,https://company361.com,Retail,12445086.31,18633,SALESFORCE,2026-02-09T23:34:48.682630
001f9d477e8-b0c,NewCo_362,FR,London,+1-334-639-3795,https://company362.com,Technology,1854233.55,23395,SALESFORCE,2026-02-09T23:34:48.682645
0012faf659b-6c9,NewCo_363,SG,Mumbai,+1-687-578-9856,https://company363.com,Manufacturing,27472409.2,8864,SALESFORCE,2026-02-09T23:34:48.682657
0011fd8e814-e6f,NewCo_364,JP,Tokyo,+1-381-705-8480,https://company364.com,Energy,26220644.24,41922,SALESFORCE,2026-02-09T23:34:48.682671
0018f28778c-bf5,NewCo_365,IN,Paris,+1-555-593-9841,https://company365.com,Retail,40254917.54,28967,SALESFORCE,2026-02-09T23:34:48.682684
00176e8f1a3-c86,NewCo_366,UK,Mumbai,+1-622-366-3551,https://company366.com,Manufacturing,626735.35,34306,SALESFORCE,2026-02-09T23:34:48.682697
001fda38dcb-ce8,NewCo_367,SG,London,+1-552-393-8687,https://company367.com,Technology,34419721.19,32249,SALESFORCE,2026-02-09T23:34:48.682710
0010b39eca6-e74,NewCo_368,BR,Sydney,+1-506-109-8052,https://company368.com,Manufacturing,29890487.24,483,SALESFORCE,2026-02-09T23:34:48.682723
0013a541822-d8b,NewCo_369,IN,Mumbai,+1-393-521-8161,https://company369.com,Energy,12569816.28,46864,SALESFORCE,2026-02-09T23:34:48.682740
0013aa776a9-a45,NewCo_370,JP,Toronto,+1-587-325-5308,https://company370.com,Healthcare,21169745.2,15709,SALESFORCE,2026-02-09T23:34:48.682753
001f3edd42e-bdc,NewCo_371,IN,Singapore,+1-910-801-5454,https://company371.com,Manufacturing,32458006.34,34871,SALESFORCE,2026-02-09T23:34:48.682765
00113a7bb36-fa7,NewCo_372,BR,Paris,+1-622-292-2121,https://company372.com,Finance,6917539.24,7242,SALESFORCE,2026-02-09T23:34:48.682780
0014e33ad05-858,NewCo_373,AU,Sydney,+1-832-563-5458,https://company373.com,Education,9470693.18,1281,SALESFORCE,2026-02-09T23:34:48.682794
001756cfc4e-971,NewCo_374,US,New York,+1-747-122-4046,https://company374.com,Healthcare,14177515.43,8204,SALESFORCE,2026-02-09T23:34:48.682807
00126b4ec73-2b2,NewCo_375,JP,Sydney,+1-944-108-4814,https://company375.com,Healthcare,7619116.32,32357,SALESFORCE,2026-02-09T23:34:48.682821
001bacb1775-9ed,NewCo_376,US,Mumbai,+1-630-419-9165,https://company376.com,Media,23237854.91,2089,SALESFORCE,2026-02-09T23:34:48.682834
0010c934c62-5c0,NewCo_377,UK,San Francisco,+1-968-249-1918,https://company377.com,Manufacturing,38805080.24,4688,SALESFORCE,2026-02-09T23:34:48.682852
001f172833e-69e,NewCo_378,IN,Sydney,+1-385-296-5097,https://company378.com,Energy,41429777.16,8002,SALESFORCE,2026-02-09T23:34:48.682865
0013fa2e1b3-f2e,NewCo_379,BR,Berlin,+1-594-889-8257,https://company379.com,Retail,36907188.73,2206,SALESFORCE,2026-02-09T23:34:48.682878
0016b4c6f55-ffc,NewCo_380,US,Sydney,+1-952-889-2539,https://company380.com,Retail,23693994.7,44669,SALESFORCE,2026-02-09T23:34:48.682892
001140dd758-d43,NewCo_381,UK,Mumbai,+1-362-744-1691,https://company381.com,Healthcare,12740305.74,41856,SALESFORCE,2026-02-09T23:34:48.682906
0015e850911-f8e,NewCo_382,UK,Berlin,+1-569-153-4568,https://company382.com,Healthcare,11874695.31,28463,SALESFORCE,2026-02-09T23:34:48.682925
001ebcfc952-ddb,NewCo_383,UK,New York,+1-371-913-5523,https://company383.com,Healthcare,19850834.18,15941,SALESFORCE,2026-02-09T23:34:48.682939
0013bc236df-ea1,NewCo_384,US,New York,+1-795-902-8786,https://company384.com,Finance,18632793.3,5874,SALESFORCE,2026-02-09T23:34:48.682952
0014b5deb25-6ec,NewCo_385,US,London,+1-711-193-6544,https://company385.com,Technology,3082779.07,42252,SALESFORCE,2026-02-09T23:34:48.682968
0010773b6a6-67c,NewCo_386,US,Tokyo,+1-309-228-8992,https://company386.com,Retail,15905304.0,36602,SALESFORCE,2026-02-09T23:34:48.682982
00178abea8a-bbc,NewCo_387,BR,Mumbai,+1-649-850-4161,https://company387.com,Technology,34493574.02,23482,SALESFORCE,2026-02-09T23:34:48.682995
00177e5a18b-c52,NewCo_388,JP,London,+1-456-140-8951,https://company388.com,Education,27995337.05,35578,SALESFORCE,2026-02-09T23:34:48.683008
001ae7242b0-030,NewCo_389,JP,Sydney,+1-394-680-4057,https://company389.com,Media,16251675.7,30706,SALESFORCE,2026-02-09T23:34:48.683021
001248c43ff-e71,NewCo_390,UK,Singapore,+1-767-264-2128,https://company390.com,Finance,22524271.57,17268,SALESFORCE,2026-02-09T23:34:48.683037
001f60d35ac-e22,NewCo_391,IN,Mumbai,+1-664-100-9289,https://company391.com,Energy,36709521.3,1236,SALESFORCE,2026-02-09T23:34:48.683048
001b1712918-c5d,NewCo_392,CA,Mumbai,+1-994-735-4912,https://company392.com,Media,36078077.78,43151,SALESFORCE,2026-02-09T23:34:48.683061
001adbc9343-efd,NewCo_393,IN,Toronto,+1-394-636-9151,https://company393.com,Finance,30690658.19,21151,SALESFORCE,2026-02-09T23:34:48.683072
001f08d25f5-590,NewCo_394,DE,Mumbai,+1-313-198-9572,https://company394.com,Healthcare,2284485.44,8514,SALESFORCE,2026-02-09T23:34:48.683083
001c2643d48-aa2,NewCo_395,US,New York,+1-406-209-8952,https://company395.com,Retail,5027803.97,37431,SALESFORCE,2026-02-09T23:34:48.683097
001dc12afd1-5c4,NewCo_396,AU,Toronto,+1-873-601-9615,https://company396.com,Manufacturing,2549372.8,14475,SALESFORCE,2026-02-09T23:34:48.683110
0016744d171-bb9,NewCo_397,CA,San Francisco,+1-213-313-9051,https://company397.com,Healthcare,23456151.26,41882,SALESFORCE,2026-02-09T23:34:48.683121
001e33088fe-88e,NewCo_398,US,Mumbai,+1-771-861-7814,https://company398.com,Media,39733053.9,3830,SALESFORCE,2026-02-09T23:34:48.683131
001b785d694-658,NewCo_399,SG,Singapore,+1-472-641-1666,https://company399.com,Healthcare,41739379.26,5117,SALESFORCE,2026-02-09T23:34:48.683143
00189d666e7-72c,NewCo_400,US,Tokyo,+1-299-203-4784,https://company400.com,Energy,9554074.61,34494,SALESFORCE,2026-02-09T23:34:48.683159
